-- phpMyAdmin SQL Dump
-- version 5.0.4
-- https://www.phpmyadmin.net/
--
-- Host: 127.0.0.1
-- Generation Time: Jun 30, 2021 at 12:36 PM
-- Server version: 10.4.17-MariaDB
-- PHP Version: 7.1.32

SET SQL_MODE = "NO_AUTO_VALUE_ON_ZERO";
START TRANSACTION;
SET time_zone = "+00:00";


/*!40101 SET @OLD_CHARACTER_SET_CLIENT=@@CHARACTER_SET_CLIENT */;
/*!40101 SET @OLD_CHARACTER_SET_RESULTS=@@CHARACTER_SET_RESULTS */;
/*!40101 SET @OLD_COLLATION_CONNECTION=@@COLLATION_CONNECTION */;
/*!40101 SET NAMES utf8mb4 */;

--
-- Database: `eapi`
--

-- --------------------------------------------------------

--
-- Table structure for table `migrations`
--

CREATE TABLE `migrations` (
  `id` int(10) UNSIGNED NOT NULL,
  `migration` varchar(255) COLLATE utf8mb4_unicode_ci NOT NULL,
  `batch` int(11) NOT NULL
) ENGINE=InnoDB DEFAULT CHARSET=utf8mb4 COLLATE=utf8mb4_unicode_ci;

--
-- Dumping data for table `migrations`
--

INSERT INTO `migrations` (`id`, `migration`, `batch`) VALUES
(1, '2014_10_12_000000_create_users_table', 1),
(2, '2014_10_12_100000_create_password_resets_table', 1),
(3, '2021_06_30_082305_create_products_table', 1),
(4, '2021_06_30_082357_create_reviews_table', 1);

-- --------------------------------------------------------

--
-- Table structure for table `password_resets`
--

CREATE TABLE `password_resets` (
  `email` varchar(255) COLLATE utf8mb4_unicode_ci NOT NULL,
  `token` varchar(255) COLLATE utf8mb4_unicode_ci NOT NULL,
  `created_at` timestamp NULL DEFAULT NULL
) ENGINE=InnoDB DEFAULT CHARSET=utf8mb4 COLLATE=utf8mb4_unicode_ci;

-- --------------------------------------------------------

--
-- Table structure for table `products`
--

CREATE TABLE `products` (
  `id` bigint(20) UNSIGNED NOT NULL,
  `name` varchar(255) COLLATE utf8mb4_unicode_ci NOT NULL,
  `detail` text COLLATE utf8mb4_unicode_ci NOT NULL,
  `price` int(11) NOT NULL,
  `stock` int(11) NOT NULL,
  `discaunt` int(11) NOT NULL,
  `created_at` timestamp NULL DEFAULT NULL,
  `updated_at` timestamp NULL DEFAULT NULL
) ENGINE=InnoDB DEFAULT CHARSET=utf8mb4 COLLATE=utf8mb4_unicode_ci;

--
-- Dumping data for table `products`
--

INSERT INTO `products` (`id`, `name`, `detail`, `price`, `stock`, `discaunt`, `created_at`, `updated_at`) VALUES
(1, 'eveniet', 'Quo doloribus ut iure molestiae qui cupiditate hic. Nihil distinctio modi eum maxime. Repudiandae rerum quaerat labore aspernatur rem dolorum ut. Numquam est hic dolorum veritatis ut facilis deserunt.', 687, 8, 7, '2021-06-30 08:18:37', '2021-06-30 08:18:37'),
(2, 'quis', 'Repellendus adipisci velit possimus et illum consequatur aut. Omnis expedita aut neque molestiae id aliquid placeat.', 399, 1, 15, '2021-06-30 08:18:38', '2021-06-30 08:18:38'),
(3, 'temporibus', 'Velit occaecati est vel quidem perspiciatis. Nemo est ipsam veritatis. Quia recusandae ut quas soluta dolorem repellat sequi explicabo. Consequatur ut eum reprehenderit. Enim rerum error sit aliquid.', 227, 0, 10, '2021-06-30 08:18:38', '2021-06-30 08:18:38'),
(4, 'itaque', 'Eveniet incidunt quidem sunt laudantium necessitatibus quos. Omnis debitis enim nesciunt nam quaerat. Autem inventore soluta harum facilis iure fugit iste.', 622, 1, 17, '2021-06-30 08:18:38', '2021-06-30 08:18:38'),
(5, 'illum', 'Delectus nisi eum sed maxime quam. Voluptatem ipsam maiores earum nesciunt dolores consequatur. Animi repudiandae ea vel enim et quia voluptas. Qui nulla labore non sed odit. Omnis incidunt aut vitae perspiciatis.', 457, 5, 28, '2021-06-30 08:18:38', '2021-06-30 08:18:38'),
(6, 'aut', 'Voluptatum et iusto quisquam maxime. Debitis quae sint nihil tenetur vel velit dignissimos. Dolor quasi veniam quisquam.', 201, 0, 3, '2021-06-30 08:18:38', '2021-06-30 08:18:38'),
(7, 'impedit', 'Quas dolorem vel recusandae quidem ad non exercitationem. Dignissimos perferendis autem cumque et. Quod est aut repellendus similique deserunt. Reiciendis dolor cum qui perspiciatis et porro veritatis.', 467, 3, 10, '2021-06-30 08:18:38', '2021-06-30 08:18:38'),
(8, 'voluptas', 'Est dignissimos quibusdam et qui quam et laborum. Quas ipsam voluptate quia possimus. Ipsa consectetur cum at ut. Nihil neque ipsum est ea laudantium sapiente.', 120, 4, 20, '2021-06-30 08:18:38', '2021-06-30 08:18:38'),
(9, 'nihil', 'Sit consequuntur ut rem aut. Incidunt hic veritatis ratione sunt error error quia. Qui deserunt aliquid omnis aliquam officiis. Pariatur quia temporibus unde dolor omnis alias repudiandae.', 444, 8, 2, '2021-06-30 08:18:38', '2021-06-30 08:18:38'),
(10, 'consequatur', 'Earum consequatur consequatur possimus neque veritatis deserunt tempore deleniti. Sunt qui omnis sit officia. Autem natus dolore dolor autem omnis eum. Quia rerum tempora est amet. Officia fugiat tempore autem provident dicta asperiores.', 527, 3, 15, '2021-06-30 08:18:38', '2021-06-30 08:18:38'),
(11, 'saepe', 'Laboriosam aliquam similique qui. Illum quas sunt eveniet molestiae harum. Mollitia aut veniam id ut voluptatibus. Quis distinctio velit voluptas maxime et eligendi.', 365, 8, 5, '2021-06-30 08:18:38', '2021-06-30 08:18:38'),
(12, 'repudiandae', 'Quaerat sunt inventore tempora cum corrupti. Aspernatur qui eum perferendis recusandae occaecati deleniti. Iure et earum optio quas fugit qui nihil quod.', 373, 2, 3, '2021-06-30 08:18:38', '2021-06-30 08:18:38'),
(13, 'non', 'Sed quaerat sed molestiae mollitia. Animi omnis voluptas ipsam sint porro sed. Amet nemo doloribus dolores excepturi laboriosam voluptate. Rem aut atque excepturi facere.', 462, 4, 25, '2021-06-30 08:18:38', '2021-06-30 08:18:38'),
(14, 'ut', 'Quos dolorem rerum qui omnis consequatur tempora. Aut sed quia sit sit ea reiciendis modi. Et voluptatem qui aliquid exercitationem sunt iure.', 723, 6, 7, '2021-06-30 08:18:38', '2021-06-30 08:18:38'),
(15, 'quis', 'Et at aut sit aspernatur est sed. Fugit recusandae rem suscipit similique porro. Expedita ducimus et iure id dolorum. Nemo ad similique ipsam officiis sint molestias.', 208, 7, 30, '2021-06-30 08:18:38', '2021-06-30 08:18:38'),
(16, 'atque', 'Quidem quo aut quasi illo illum. Nam nihil et sit. Consequatur aperiam voluptatum nihil rerum unde aut voluptatem.', 788, 9, 7, '2021-06-30 08:18:38', '2021-06-30 08:18:38'),
(17, 'tempore', 'Rerum et quibusdam dolor non suscipit aut. Non tempore ut rerum distinctio omnis. Ipsum et ad repudiandae quos.', 924, 5, 4, '2021-06-30 08:18:38', '2021-06-30 08:18:38'),
(18, 'maiores', 'Quidem velit sequi quam. Cupiditate eum deserunt voluptate quod beatae. Est tempore laudantium enim explicabo et quia eveniet. Impedit quis quas fuga eos voluptatem ut qui.', 260, 4, 16, '2021-06-30 08:18:38', '2021-06-30 08:18:38'),
(19, 'nostrum', 'Cumque et repellendus libero molestias deleniti accusantium. Possimus autem quae veniam totam modi error consequatur. Eum vero dolorem aperiam a qui distinctio est.', 538, 9, 22, '2021-06-30 08:18:38', '2021-06-30 08:18:38'),
(20, 'consequuntur', 'Molestias ut a voluptatem vitae. Tempora molestiae sunt harum inventore.', 699, 3, 8, '2021-06-30 08:18:38', '2021-06-30 08:18:38'),
(21, 'quibusdam', 'Eaque est unde ipsum et similique et eos ipsam. Cum et culpa et tempore quia. Sed alias suscipit non occaecati rem consequuntur.', 746, 9, 12, '2021-06-30 08:18:38', '2021-06-30 08:18:38'),
(22, 'et', 'Incidunt est voluptatem similique perspiciatis aut ut omnis. Vel consequatur optio voluptas modi. Sed ut unde esse amet excepturi nesciunt repudiandae.', 596, 2, 9, '2021-06-30 08:18:38', '2021-06-30 08:18:38'),
(23, 'nesciunt', 'Ea nesciunt voluptatibus sequi aut. Et cumque iste et delectus aspernatur. Rerum cumque facere quia ea illum.', 737, 0, 13, '2021-06-30 08:18:38', '2021-06-30 08:18:38'),
(24, 'consequuntur', 'Deserunt repudiandae ut ratione corrupti a inventore enim minima. Ab quia ullam ea qui. Cumque ea dignissimos quos at delectus enim sapiente.', 226, 4, 19, '2021-06-30 08:18:38', '2021-06-30 08:18:38'),
(25, 'est', 'Non voluptatem asperiores fugit eum est dolor. Sit quia nobis repudiandae et mollitia quibusdam distinctio. Laudantium amet voluptas non deserunt voluptas sit sed ipsam. Nemo sit culpa est laboriosam esse culpa dolores.', 140, 7, 29, '2021-06-30 08:18:38', '2021-06-30 08:18:38'),
(26, 'quo', 'Veritatis quibusdam omnis sit ut nesciunt distinctio odit. Quis qui ut laudantium officia eius quas consequatur. Alias in quam neque quos quia. Mollitia molestiae repellendus ut voluptas consequatur atque.', 234, 1, 14, '2021-06-30 08:18:38', '2021-06-30 08:18:38'),
(27, 'quaerat', 'Sunt consequatur et recusandae dolores. Nihil omnis sint corrupti sit esse.', 594, 5, 24, '2021-06-30 08:18:38', '2021-06-30 08:18:38'),
(28, 'molestiae', 'Fugit quasi sed ratione explicabo dolorem deleniti corporis. Fuga assumenda illum est amet eum. Accusantium enim consectetur magnam est.', 539, 7, 28, '2021-06-30 08:18:38', '2021-06-30 08:18:38'),
(29, 'quasi', 'Doloremque reprehenderit et in optio dolorum. Commodi dolorum ut repellat vel. A consequuntur et tenetur ipsam. Dolore itaque nulla fugit quia fuga unde.', 556, 3, 20, '2021-06-30 08:18:38', '2021-06-30 08:18:38'),
(30, 'ratione', 'Veritatis fuga occaecati suscipit consequuntur vero. Officia repellat expedita impedit non aspernatur quaerat deleniti. Sunt ducimus quia sapiente ipsam dolores.', 639, 0, 9, '2021-06-30 08:18:38', '2021-06-30 08:18:38'),
(31, 'culpa', 'Voluptatem reiciendis qui quo amet occaecati et. Sit aperiam sequi facilis dignissimos voluptates repudiandae ut itaque. Vitae dolor fuga illo quia et.', 795, 2, 11, '2021-06-30 08:18:38', '2021-06-30 08:18:38'),
(32, 'eum', 'Velit nisi omnis aut provident. Inventore non in eum. Doloribus ipsam eveniet autem eaque voluptatem praesentium. Non cum sunt est.', 766, 8, 25, '2021-06-30 08:18:38', '2021-06-30 08:18:38'),
(33, 'ratione', 'Ad et ut sint dolorum placeat aut natus. Ipsum est repellat in ad harum tenetur qui dignissimos. Molestiae qui rerum suscipit ut. Qui excepturi non odit rerum eum culpa itaque.', 741, 7, 13, '2021-06-30 08:18:38', '2021-06-30 08:18:38'),
(34, 'ut', 'Qui quis qui eius. Vel cumque beatae dicta cum. Cupiditate excepturi sit natus sit tempora nesciunt.', 656, 6, 2, '2021-06-30 08:18:38', '2021-06-30 08:18:38'),
(35, 'expedita', 'Illo autem vero id quia qui. Unde enim hic quod autem. Et ut et delectus quia.', 179, 3, 22, '2021-06-30 08:18:38', '2021-06-30 08:18:38'),
(36, 'reiciendis', 'Praesentium expedita eveniet laboriosam dolor occaecati. Officiis quasi doloremque commodi adipisci corrupti. Occaecati ea est dolore odit adipisci. Sed culpa deleniti ut quos. Dolor commodi laborum velit atque alias perspiciatis soluta.', 385, 1, 3, '2021-06-30 08:18:38', '2021-06-30 08:18:38'),
(37, 'officia', 'Alias molestias officiis tempore non id aut sit fugit. Perspiciatis nulla vel perspiciatis atque error. Repellat consequatur ad blanditiis in ut saepe expedita. Consequuntur sed cupiditate in quam quis.', 792, 3, 11, '2021-06-30 08:18:38', '2021-06-30 08:18:38'),
(38, 'esse', 'Ex cumque voluptatem sunt dolore tempora officia. Perferendis porro eaque id debitis maiores repudiandae vero ad. Minima omnis ipsam alias et dolorem hic. Tempora perspiciatis non commodi vel ut.', 135, 7, 12, '2021-06-30 08:18:38', '2021-06-30 08:18:38'),
(39, 'facere', 'Quis aliquid et harum non natus sapiente. Qui quos labore adipisci ipsam voluptas. Omnis exercitationem et ipsum fugiat quas iure. At deserunt voluptas aut similique incidunt minima.', 710, 0, 5, '2021-06-30 08:18:38', '2021-06-30 08:18:38'),
(40, 'aperiam', 'Nisi tempora molestiae et ipsa et. Est molestias dignissimos aspernatur suscipit. Omnis temporibus corporis quia ea dolorem delectus.', 507, 2, 4, '2021-06-30 08:18:38', '2021-06-30 08:18:38'),
(41, 'provident', 'Repellendus cumque doloribus et aut accusantium facilis laboriosam inventore. Nesciunt facere corrupti quia recusandae iste quia. Dolorum ipsum aliquam explicabo. Id praesentium facere sit et.', 441, 3, 16, '2021-06-30 08:18:38', '2021-06-30 08:18:38'),
(42, 'iure', 'Omnis aut doloribus labore reprehenderit quisquam. Beatae rem officia voluptatem suscipit voluptas quia. Harum aut aut excepturi delectus. Ut autem quis sunt esse qui sapiente qui quia.', 562, 6, 30, '2021-06-30 08:18:38', '2021-06-30 08:18:38'),
(43, 'esse', 'Aut enim est ratione voluptas consectetur dolorum debitis dolorem. Sint dolores eum enim aliquam. Nemo quia eius amet repudiandae aut voluptatem deserunt. Atque voluptas quia et.', 512, 3, 8, '2021-06-30 08:18:38', '2021-06-30 08:18:38'),
(44, 'blanditiis', 'Voluptatibus eos delectus recusandae est quia. Corrupti sed expedita autem dolore eos qui eligendi ut.', 411, 6, 8, '2021-06-30 08:18:38', '2021-06-30 08:18:38'),
(45, 'non', 'Et esse ab non esse quod ullam. Ut aut et aut nesciunt. Voluptas molestias eveniet ut amet sint temporibus. Et rem tempora earum corrupti.', 482, 0, 7, '2021-06-30 08:18:38', '2021-06-30 08:18:38'),
(46, 'quia', 'Voluptas eveniet consequatur ab praesentium quod ut. Perspiciatis error ut rerum culpa iusto nisi ut. Temporibus beatae et ipsum sed.', 503, 3, 8, '2021-06-30 08:18:38', '2021-06-30 08:18:38'),
(47, 'magnam', 'Perferendis nisi voluptatem est aspernatur saepe iusto libero. Cupiditate neque voluptatem aut delectus aperiam dolorum. Voluptatibus dicta aliquid veritatis omnis. Dolorum eos alias et enim perferendis.', 177, 9, 20, '2021-06-30 08:18:38', '2021-06-30 08:18:38'),
(48, 'nobis', 'Possimus omnis error sunt omnis atque facilis. Veniam possimus aut nam quae inventore quae nam.', 496, 5, 11, '2021-06-30 08:18:38', '2021-06-30 08:18:38'),
(49, 'voluptatem', 'Qui eos est iste inventore ratione reiciendis quo. Nostrum iusto architecto qui ut adipisci temporibus incidunt. Error exercitationem est placeat. Hic ab sit cum dolorem et.', 722, 9, 14, '2021-06-30 08:18:38', '2021-06-30 08:18:38'),
(50, 'sed', 'Totam sequi et qui facere voluptatibus. Et et facilis et quae enim. Corporis est veritatis modi itaque eum laboriosam eius qui. Voluptatem rerum quaerat qui excepturi dicta ullam.', 111, 2, 18, '2021-06-30 08:18:38', '2021-06-30 08:18:38');

-- --------------------------------------------------------

--
-- Table structure for table `reviews`
--

CREATE TABLE `reviews` (
  `id` bigint(20) UNSIGNED NOT NULL,
  `product_id` bigint(20) UNSIGNED NOT NULL,
  `customer` varchar(255) COLLATE utf8mb4_unicode_ci NOT NULL,
  `review` text COLLATE utf8mb4_unicode_ci NOT NULL,
  `start` int(11) NOT NULL,
  `created_at` timestamp NULL DEFAULT NULL,
  `updated_at` timestamp NULL DEFAULT NULL
) ENGINE=InnoDB DEFAULT CHARSET=utf8mb4 COLLATE=utf8mb4_unicode_ci;

--
-- Dumping data for table `reviews`
--

INSERT INTO `reviews` (`id`, `product_id`, `customer`, `review`, `start`, `created_at`, `updated_at`) VALUES
(1, 18, 'Dana Oberbrunner Jr.', 'Reiciendis praesentium rerum eos deleniti vitae facilis pariatur distinctio. Repellat perferendis porro doloremque dolor. Tempora officia adipisci est sit non a. Dolores numquam aut ipsam.', 4, '2021-06-30 08:18:38', '2021-06-30 08:18:38'),
(2, 48, 'Earnest Kozey', 'Sunt ea ut repellat autem eaque dolores dolor. Fugiat in quam nihil eum dolores. Id dolor id quam ex repellat. Non deleniti quibusdam in et numquam omnis neque dolor. Repudiandae magnam vitae provident ullam voluptatum iure excepturi repudiandae.', 2, '2021-06-30 08:18:38', '2021-06-30 08:18:38'),
(3, 4, 'Foster Casper', 'Expedita cupiditate quia ad. Quo alias et et dolorum qui. Distinctio sed fuga nam nemo reprehenderit provident quod. Et minima debitis et laudantium iste.', 4, '2021-06-30 08:18:38', '2021-06-30 08:18:38'),
(4, 28, 'Edythe Jacobs', 'Quis soluta eaque aliquid rem id sed. Sit quia itaque in harum. Nihil aliquam ea odio enim ipsa. Consequuntur possimus architecto quasi ad velit eum.', 0, '2021-06-30 08:18:38', '2021-06-30 08:18:38'),
(5, 39, 'Cristian McCullough I', 'Maiores praesentium modi et in. Vel accusamus nesciunt doloremque quis quia.', 1, '2021-06-30 08:18:38', '2021-06-30 08:18:38'),
(6, 21, 'Max Lehner', 'Dignissimos eum hic alias illo. Accusamus corporis sed omnis dolorem rerum veritatis. Ratione voluptates laboriosam sed dolorum.', 0, '2021-06-30 08:18:38', '2021-06-30 08:18:38'),
(7, 29, 'Dr. Candida Hilpert', 'Veniam ea rerum magnam impedit quas sed quos. Ipsa nostrum praesentium soluta quos nostrum autem. In ea ipsam sed illo iusto alias. Assumenda occaecati temporibus fugit dignissimos at.', 0, '2021-06-30 08:18:38', '2021-06-30 08:18:38'),
(8, 28, 'Jeanne Friesen III', 'Et illum ex quaerat dolor. Quia possimus nostrum distinctio ea laudantium voluptatem. Corporis aut quo et in voluptates. Hic distinctio molestias vel quae.', 5, '2021-06-30 08:18:38', '2021-06-30 08:18:38'),
(9, 8, 'Frieda Brown', 'Dicta consequatur nulla sint. Eius doloremque dolorum nobis omnis cum dicta et. Et similique repellat porro error dolor sed perferendis.', 5, '2021-06-30 08:18:38', '2021-06-30 08:18:38'),
(10, 25, 'Jacey McCullough', 'Provident qui ut ducimus consequuntur doloremque. In sapiente dolorem eum voluptates aliquam dolorem sit fugiat. Eum non sit necessitatibus voluptatem odit quia quam.', 4, '2021-06-30 08:18:38', '2021-06-30 08:18:38'),
(11, 48, 'Ima Stanton', 'Ut amet occaecati et ex delectus voluptates dolorem. Dolores cumque eum quibusdam beatae. Ipsa est voluptas quos. Sint quod iure dolorem consequatur culpa nam voluptatem voluptatem. Iure vitae porro labore atque ea dolores vero est.', 0, '2021-06-30 08:18:38', '2021-06-30 08:18:38'),
(12, 16, 'Elmore Wisoky', 'Ipsam ut sit impedit dolorem et doloribus dolor. Iste ducimus praesentium doloremque deleniti eum nisi porro. Repellat unde nam maxime est dicta.', 5, '2021-06-30 08:18:38', '2021-06-30 08:18:38'),
(13, 12, 'Sylvester Nienow', 'Cum labore at error recusandae tempore qui. Tempora sit dolorem animi aut. Voluptate quo et consequuntur et adipisci doloremque. Aut quia et ex ipsa et.', 5, '2021-06-30 08:18:38', '2021-06-30 08:18:38'),
(14, 36, 'Nelda Corwin Sr.', 'Nesciunt a minus quibusdam. Sed saepe tempore doloremque explicabo adipisci. Tempora error vel tenetur quia.', 0, '2021-06-30 08:18:38', '2021-06-30 08:18:38'),
(15, 4, 'Mrs. Kavon Osinski Sr.', 'Rerum reiciendis voluptatem omnis odit et est nobis. Cupiditate voluptas et consequatur repudiandae aut et corporis accusamus. Sapiente qui corporis dolorum porro. Dolore eum non dolorem non.', 4, '2021-06-30 08:18:38', '2021-06-30 08:18:38'),
(16, 12, 'Reagan Sporer III', 'Magni aliquid voluptates ratione aut. Dolorem fugiat eius ipsam quae iure delectus nesciunt aut. Sequi quia aperiam esse eos aut.', 5, '2021-06-30 08:18:38', '2021-06-30 08:18:38'),
(17, 35, 'Kirstin Abbott', 'Aut perspiciatis necessitatibus ut vel qui. Quae veritatis inventore labore.', 0, '2021-06-30 08:18:38', '2021-06-30 08:18:38'),
(18, 36, 'Lula Kertzmann IV', 'Est illum soluta corporis rerum fugit reiciendis consequatur. Rem eos aliquid minima sit possimus. Magnam nesciunt est fugiat. Culpa consequuntur illum aut magni eius et.', 1, '2021-06-30 08:18:38', '2021-06-30 08:18:38'),
(19, 44, 'Kamron Bogisich', 'Omnis consequatur molestiae et mollitia quas. Dolorem nisi nihil quo voluptatibus. Quos vitae id est reprehenderit.', 5, '2021-06-30 08:18:38', '2021-06-30 08:18:38'),
(20, 25, 'Lew Berge', 'Velit tempore adipisci earum dolore sed cumque tempora. Nam necessitatibus quasi nisi dignissimos. Recusandae non quae modi unde nulla repellat quo.', 4, '2021-06-30 08:18:38', '2021-06-30 08:18:38'),
(21, 12, 'Maria Bode', 'Consequatur aliquid necessitatibus earum rerum ut quia laborum. Sed et necessitatibus amet autem minus. Enim sunt iure explicabo est. Reiciendis nihil autem facere. Iusto excepturi sequi deserunt velit nihil voluptas.', 0, '2021-06-30 08:18:38', '2021-06-30 08:18:38'),
(22, 38, 'Corrine Langosh', 'Est dolorem tempore aut dolorem exercitationem magnam. Ut rerum neque odio corporis eligendi quaerat incidunt. Incidunt dicta omnis optio minima fugiat sit.', 1, '2021-06-30 08:18:38', '2021-06-30 08:18:38'),
(23, 39, 'Polly Rosenbaum', 'Odio distinctio quaerat quo veniam aut ut. Earum quod qui laudantium omnis est ut. Laboriosam consequatur est est in. Nihil quis excepturi molestias et non.', 1, '2021-06-30 08:18:38', '2021-06-30 08:18:38'),
(24, 24, 'Melody Lemke PhD', 'Et deleniti qui numquam quidem ut. At sint sint consequuntur consequuntur et veniam eum. Et repellat et rerum officiis nobis. Tempora repellat sed illum.', 0, '2021-06-30 08:18:38', '2021-06-30 08:18:38'),
(25, 33, 'Brain Lind', 'Nobis fuga sed labore. Sequi praesentium eligendi sapiente aspernatur officia aut est. Iste ut ducimus corrupti cumque aut distinctio. Vel voluptatem ipsa rerum accusantium occaecati cumque est. Omnis deserunt expedita fugit veritatis.', 5, '2021-06-30 08:18:38', '2021-06-30 08:18:38'),
(26, 43, 'Mariah Aufderhar', 'Illum fugiat non ut laborum aspernatur sint quia. Voluptatem qui fugit architecto tempora hic corporis. Quia rerum doloremque repellendus et consequatur ea.', 0, '2021-06-30 08:18:38', '2021-06-30 08:18:38'),
(27, 35, 'Mr. Terence Wunsch DDS', 'Amet voluptatem id doloremque et doloremque totam corporis. Quas modi reprehenderit deleniti eligendi quam hic. Quas totam illum reprehenderit blanditiis est omnis quia.', 2, '2021-06-30 08:18:38', '2021-06-30 08:18:38'),
(28, 26, 'Haskell Considine V', 'Eum consequatur veniam in laudantium. Quibusdam sunt inventore sunt aut libero perspiciatis quasi.', 2, '2021-06-30 08:18:38', '2021-06-30 08:18:38'),
(29, 26, 'Mya Jacobson DDS', 'Dolorem aut delectus aut qui. Mollitia velit unde accusantium et eum assumenda soluta natus. Possimus ullam et officiis. Nam non quia quasi possimus unde accusantium tempore. Consectetur et qui sed possimus architecto velit.', 3, '2021-06-30 08:18:38', '2021-06-30 08:18:38'),
(30, 12, 'Rosie Wisoky', 'Numquam distinctio voluptas officia quia natus soluta est est. Qui nulla nobis perspiciatis explicabo sunt doloremque. At quibusdam itaque quia nihil ut sapiente amet. Reprehenderit qui modi voluptatem cumque odit.', 1, '2021-06-30 08:18:38', '2021-06-30 08:18:38'),
(31, 10, 'Webster Gaylord', 'Dolore dolore quasi cupiditate voluptatum. Est vero nihil reprehenderit commodi ad ut deleniti. Voluptatem voluptatem incidunt fugiat sequi molestiae sunt.', 2, '2021-06-30 08:18:38', '2021-06-30 08:18:38'),
(32, 46, 'Sammy Rau II', 'Labore dolorem omnis debitis et ipsum. Et sint perspiciatis est dolores. Unde adipisci quo et voluptatem minus aliquam error inventore.', 2, '2021-06-30 08:18:38', '2021-06-30 08:18:38'),
(33, 2, 'Josephine Carter', 'Nostrum ducimus sed voluptatibus exercitationem rerum. Deleniti sed et at labore accusamus praesentium. Velit molestias esse quis. Corporis veniam laborum dolorem magni nisi eos illo.', 3, '2021-06-30 08:18:38', '2021-06-30 08:18:38'),
(34, 4, 'Prof. Wellington Rohan III', 'Fugiat magni accusantium cum. Distinctio corporis molestiae magni dolor. Aut ut rem itaque id temporibus veritatis quia. Iusto voluptas voluptates veritatis omnis.', 3, '2021-06-30 08:18:38', '2021-06-30 08:18:38'),
(35, 24, 'Prof. Dalton Turner DVM', 'Pariatur nobis quibusdam et omnis eos. Error odio nostrum esse magnam dolorem ipsa nobis.', 2, '2021-06-30 08:18:38', '2021-06-30 08:18:38'),
(36, 29, 'Dr. Kadin Funk Sr.', 'Deleniti voluptatibus totam a sint. Aut provident porro soluta minus et cum in. Itaque est iure quia sint voluptas.', 0, '2021-06-30 08:18:38', '2021-06-30 08:18:38'),
(37, 16, 'Hermina Hansen', 'Reiciendis ut praesentium necessitatibus quia porro qui ullam quas. Sit vero et saepe corporis quod. Nostrum sit non et reiciendis placeat reprehenderit rerum.', 3, '2021-06-30 08:18:38', '2021-06-30 08:18:38'),
(38, 3, 'Verda Hermiston', 'Officia nam sequi voluptatem aliquid nemo. In velit molestiae cum et quia ut autem. Rerum nemo ducimus atque cumque sequi numquam minus.', 5, '2021-06-30 08:18:38', '2021-06-30 08:18:38'),
(39, 42, 'Jewell Bartoletti DVM', 'Sint eos porro cupiditate quia exercitationem dolorum. Pariatur autem et quia praesentium reiciendis. Ab qui porro iure provident. Est rem dolores numquam error et omnis.', 5, '2021-06-30 08:18:38', '2021-06-30 08:18:38'),
(40, 49, 'Lorna Adams', 'Explicabo maiores sunt exercitationem ut sit. Explicabo maxime et voluptatibus. Similique perferendis illum omnis et voluptatem odio. Nesciunt quae qui voluptates aut.', 1, '2021-06-30 08:18:38', '2021-06-30 08:18:38'),
(41, 14, 'Clotilde Balistreri', 'Cumque qui nihil inventore soluta nesciunt qui omnis quisquam. Voluptas vel occaecati laudantium. Aliquam eos doloribus deserunt et. Aut deleniti sed vitae est.', 1, '2021-06-30 08:18:38', '2021-06-30 08:18:38'),
(42, 28, 'Mr. Leonardo Lockman MD', 'Quia enim iusto dignissimos. Dolorem ad veritatis optio veritatis est. Accusamus facilis ea similique enim exercitationem dolor. Similique qui ab tempora quia sed.', 0, '2021-06-30 08:18:38', '2021-06-30 08:18:38'),
(43, 3, 'Jessyca Macejkovic', 'Aliquid excepturi dolorum natus aut dolores asperiores inventore beatae. Temporibus sit ipsum amet qui minus laborum sint. Omnis sit voluptates beatae quia eos dicta et dolores. Et quia quisquam voluptas ut odio et.', 4, '2021-06-30 08:18:38', '2021-06-30 08:18:38'),
(44, 25, 'Miss Sallie Von', 'In nostrum sapiente aut nemo. Porro ut facere optio ad reprehenderit porro. Consectetur rerum animi quisquam incidunt autem.', 0, '2021-06-30 08:18:38', '2021-06-30 08:18:38'),
(45, 33, 'Prince Swift', 'Eos minima voluptates consequatur tempora est voluptatem vitae. Rem cum fugit et porro. Nesciunt dolorum omnis a saepe facere harum esse. Repudiandae deserunt sint excepturi aut ea minima.', 3, '2021-06-30 08:18:38', '2021-06-30 08:18:38'),
(46, 42, 'Olin Hodkiewicz', 'Magnam voluptatibus vero libero voluptas. Tenetur cum tenetur voluptatibus et libero error qui et. Numquam molestias quia ducimus quia odit ut.', 1, '2021-06-30 08:18:38', '2021-06-30 08:18:38'),
(47, 32, 'Mr. Modesto Hodkiewicz', 'Quia quidem consequuntur pariatur reprehenderit. Reiciendis fugit in repudiandae labore quod aut earum. Sunt odio ea omnis doloremque ipsam.', 0, '2021-06-30 08:18:38', '2021-06-30 08:18:38'),
(48, 13, 'Barry Murray', 'Quia quos enim ad molestias. Quisquam qui nam ut quos. Nihil deleniti incidunt consequatur dolorem qui aperiam quo temporibus. Corporis voluptatibus error ducimus excepturi animi.', 0, '2021-06-30 08:18:38', '2021-06-30 08:18:38'),
(49, 6, 'Hortense Stanton V', 'Labore ut ipsum nemo voluptatem quisquam. Dolores quibusdam repellat culpa inventore et sapiente. Expedita quisquam debitis nobis qui dolor iste accusantium.', 0, '2021-06-30 08:18:38', '2021-06-30 08:18:38'),
(50, 33, 'Dr. Erling Schaden DDS', 'Sit itaque quam ut et. Consectetur laboriosam commodi dolores voluptatem. Non ratione sed maiores omnis aut repellendus qui quae. Dolorem qui et qui fuga.', 3, '2021-06-30 08:18:38', '2021-06-30 08:18:38'),
(51, 17, 'Burley Padberg', 'Eum qui laudantium nisi. Sint explicabo ea qui autem. Aut fugit sunt qui est impedit necessitatibus. Error rerum eum qui aspernatur explicabo eius.', 2, '2021-06-30 08:18:38', '2021-06-30 08:18:38'),
(52, 42, 'Mustafa Spencer Sr.', 'Delectus inventore voluptatem consequatur dicta possimus. Aperiam repudiandae omnis similique voluptas. Exercitationem magni doloremque eum ducimus molestiae amet.', 3, '2021-06-30 08:18:38', '2021-06-30 08:18:38'),
(53, 5, 'Prof. Dedric Morar MD', 'Omnis eos ut qui at sed. Odit ab et ut et. Expedita fugiat et molestiae veniam laborum perferendis. Autem ducimus est itaque assumenda.', 2, '2021-06-30 08:18:38', '2021-06-30 08:18:38'),
(54, 22, 'Richie Dibbert', 'Voluptas quas consequatur iusto recusandae ex et voluptatem. Quas est debitis iusto animi labore aperiam labore. Minima officiis ullam consequatur optio et sit ducimus. Placeat magni dolorem odio tenetur enim.', 1, '2021-06-30 08:18:38', '2021-06-30 08:18:38'),
(55, 12, 'Alfonzo Kilback', 'Qui nostrum et enim a perspiciatis et nihil occaecati. Eaque possimus qui deserunt. Quis omnis saepe voluptatem cum tenetur placeat.', 3, '2021-06-30 08:18:38', '2021-06-30 08:18:38'),
(56, 12, 'Mr. Hector West', 'Reiciendis nulla neque mollitia molestiae voluptas nam. Dignissimos voluptate est incidunt tenetur ab id qui aut. Asperiores quibusdam nihil et aspernatur.', 4, '2021-06-30 08:18:38', '2021-06-30 08:18:38'),
(57, 22, 'Hassan Rolfson', 'Adipisci optio quos ut voluptas consequatur atque repudiandae. Asperiores rerum ex illo et repellendus ut tempora.', 0, '2021-06-30 08:18:38', '2021-06-30 08:18:38'),
(58, 23, 'Cynthia Halvorson', 'Nobis praesentium maiores minima tenetur impedit qui impedit. Possimus velit quo aperiam et minus nihil id.', 1, '2021-06-30 08:18:38', '2021-06-30 08:18:38'),
(59, 20, 'Markus Parker', 'Ipsa quia vero est qui earum dignissimos ut. Recusandae aliquam dolorem repudiandae. Consequatur dolorem et distinctio quidem quia ut architecto. Sunt accusamus culpa aut eius consequuntur officia corrupti.', 3, '2021-06-30 08:18:38', '2021-06-30 08:18:38'),
(60, 2, 'Camille Leuschke', 'Et dolorum facere soluta consequatur quasi veniam. Neque doloremque et incidunt tempora numquam sint velit aliquam. Sed at rem deleniti sit non nemo.', 0, '2021-06-30 08:18:38', '2021-06-30 08:18:38'),
(61, 4, 'Devin Hand V', 'Veniam praesentium et culpa debitis recusandae id molestias. Possimus minima id velit laborum eos qui. Non blanditiis minima consequuntur consectetur officia. Quisquam reiciendis voluptates impedit ea et.', 0, '2021-06-30 08:18:38', '2021-06-30 08:18:38'),
(62, 11, 'Kristina Breitenberg', 'Recusandae et cumque illum molestias. Vel aliquam dignissimos ipsa reiciendis. Doloribus in illo saepe ea sint nulla recusandae. Repudiandae ducimus sed unde consequatur.', 5, '2021-06-30 08:18:38', '2021-06-30 08:18:38'),
(63, 40, 'Juliana Corwin', 'Assumenda eligendi ad doloremque id. Voluptas sequi nesciunt est tempora est quia et. Quasi ad culpa eius voluptates ducimus odit. Et unde libero culpa rem.', 5, '2021-06-30 08:18:38', '2021-06-30 08:18:38'),
(64, 26, 'Marcos Waelchi', 'Quidem laboriosam enim tenetur et blanditiis. Quos quia delectus tempore. Dolorem harum modi illum eos.', 2, '2021-06-30 08:18:38', '2021-06-30 08:18:38'),
(65, 13, 'Rafael Hyatt', 'Eum aut eius est libero quis repellat. Natus illum et laudantium perferendis. Est amet ad consequuntur cumque. Qui sed expedita fugit quo sint. Est quia est ipsum iusto placeat.', 5, '2021-06-30 08:18:38', '2021-06-30 08:18:38'),
(66, 49, 'Braden Zulauf', 'Sapiente quis velit corrupti recusandae distinctio dolorem sint. Inventore ullam rerum rerum id a. Assumenda sunt in facilis nesciunt. Quasi omnis neque id ipsam. Nulla odit rerum id omnis rem ut.', 2, '2021-06-30 08:18:38', '2021-06-30 08:18:38'),
(67, 1, 'Miss Katelin Hahn', 'Consequuntur voluptatem porro voluptas eaque. Numquam ipsa veniam repellendus voluptatem ut qui reprehenderit. Ut ut cupiditate et. Voluptate quis sunt quasi consequatur debitis ipsam.', 2, '2021-06-30 08:18:38', '2021-06-30 08:18:38'),
(68, 32, 'Kyle Larkin', 'Similique blanditiis id odio illo. Rem omnis sint culpa deserunt.', 4, '2021-06-30 08:18:38', '2021-06-30 08:18:38'),
(69, 29, 'Dr. Lukas Wisoky', 'Natus aut quia voluptatibus culpa non. Molestias incidunt architecto voluptates aperiam. Sint officia aut cum facilis officiis perferendis quia aut. Omnis doloribus expedita a autem alias unde perferendis.', 1, '2021-06-30 08:18:38', '2021-06-30 08:18:38'),
(70, 33, 'Marjory Blanda', 'Culpa et quam temporibus eveniet. Fuga est sit assumenda. Ex deserunt et quo facere natus aut commodi. Maiores aut quis nesciunt eveniet.', 2, '2021-06-30 08:18:38', '2021-06-30 08:18:38'),
(71, 27, 'Kristin Mohr', 'Sed quasi ipsa iste. Voluptas blanditiis animi voluptates veritatis. Unde excepturi repellendus ut et tempore delectus. Voluptatum quia maiores modi sit blanditiis optio.', 0, '2021-06-30 08:18:38', '2021-06-30 08:18:38'),
(72, 5, 'Odell Roob', 'Ut nihil labore voluptates quis est repellendus. Excepturi atque praesentium placeat. Iste quas voluptatem ut sed autem.', 0, '2021-06-30 08:18:38', '2021-06-30 08:18:38'),
(73, 49, 'Virginia Deckow II', 'Ea voluptas commodi ullam quis. Aut dicta qui ipsa excepturi. Quia eos blanditiis voluptas omnis rerum dolorem. Quos culpa corrupti ad enim consequatur itaque est.', 3, '2021-06-30 08:18:38', '2021-06-30 08:18:38'),
(74, 6, 'Shayne Littel', 'Enim voluptas quo voluptatem corrupti et. Porro fugiat culpa nobis sint doloribus. Ad aut odit corrupti nihil recusandae nihil. Corporis ut rerum consequatur. Vel molestiae non illo officiis.', 3, '2021-06-30 08:18:38', '2021-06-30 08:18:38'),
(75, 29, 'Audie Zieme', 'Et velit quas iste mollitia harum voluptas unde. Qui adipisci nisi adipisci enim. Quasi aut distinctio aut minus atque. Hic autem fugiat iure labore illum alias velit.', 5, '2021-06-30 08:18:38', '2021-06-30 08:18:38'),
(76, 40, 'Scottie Cronin', 'Earum rerum possimus dicta animi sunt libero. Ipsa inventore consequatur vitae illo sed repudiandae. Et delectus dolor perspiciatis qui.', 5, '2021-06-30 08:18:38', '2021-06-30 08:18:38'),
(77, 34, 'Deontae Schamberger PhD', 'Non nam aperiam sed quo quo blanditiis sunt libero. Quae perspiciatis non ut quod modi fuga exercitationem qui. Sunt nulla deleniti facilis porro voluptates sed. Beatae iste consectetur deleniti.', 5, '2021-06-30 08:18:38', '2021-06-30 08:18:38'),
(78, 40, 'Jada Dooley', 'Iusto est delectus commodi commodi officiis quaerat. Veniam corrupti recusandae deserunt. Velit ea eos debitis quaerat.', 3, '2021-06-30 08:18:38', '2021-06-30 08:18:38'),
(79, 22, 'Marlin Heidenreich', 'Illum at et illo dolores aut cumque. Quaerat accusantium eum earum laboriosam nemo nihil. Saepe distinctio eum quas expedita repellat nihil. Rerum et quas ut numquam.', 5, '2021-06-30 08:18:38', '2021-06-30 08:18:38'),
(80, 22, 'Courtney Bartoletti DDS', 'Sit placeat repudiandae et veritatis nisi officia. Nulla exercitationem est in enim aliquid omnis laudantium facilis. Reprehenderit sed officiis nulla molestias voluptatem dolores explicabo.', 0, '2021-06-30 08:18:38', '2021-06-30 08:18:38'),
(81, 45, 'Velma Yost PhD', 'Voluptatibus corporis cupiditate et consequatur et animi. Aut et mollitia dolorem quod. Repellendus voluptates repellat modi aut voluptas amet.', 4, '2021-06-30 08:18:38', '2021-06-30 08:18:38'),
(82, 4, 'Dr. Addie Leuschke II', 'Excepturi ut eos vel quidem. Iure explicabo eos nobis fuga et. Quasi eius et cupiditate ipsum. Quasi molestias laborum inventore.', 3, '2021-06-30 08:18:38', '2021-06-30 08:18:38'),
(83, 33, 'Dr. Zoey Witting Sr.', 'Asperiores minus odio magni inventore at commodi est. Expedita totam aut et. Culpa fugiat eos fugit aperiam. Quisquam cum assumenda quasi qui reiciendis autem.', 2, '2021-06-30 08:18:38', '2021-06-30 08:18:38'),
(84, 9, 'Dale Hirthe', 'Dolorem corporis laborum aut distinctio ut dolorum. Ut ea cum cum velit quod enim dolor. Voluptatem iusto dicta expedita quaerat quam. Officia voluptatem quisquam iusto veritatis eos et veniam nemo.', 0, '2021-06-30 08:18:38', '2021-06-30 08:18:38'),
(85, 41, 'Mr. Prince Schuppe', 'Voluptas voluptas consequatur reiciendis dolorum. Dolor omnis nostrum est sit et id ad rerum. Odit eaque vel velit quibusdam qui magni animi.', 3, '2021-06-30 08:18:38', '2021-06-30 08:18:38'),
(86, 22, 'Prof. Jessica Dickinson V', 'Enim in autem in aut error perferendis eveniet aut. Voluptatem ipsum temporibus maiores natus deleniti et soluta blanditiis. A vero recusandae nulla quibusdam quia maiores sit. In ipsam repellat delectus autem error explicabo aspernatur est.', 4, '2021-06-30 08:18:38', '2021-06-30 08:18:38'),
(87, 7, 'Kendrick Bailey Sr.', 'Maiores quia consequatur dignissimos assumenda natus rem et. Quaerat dolorem eligendi culpa qui. Minima incidunt repellendus id est suscipit error. Rerum reprehenderit excepturi aliquam aspernatur repellendus.', 5, '2021-06-30 08:18:38', '2021-06-30 08:18:38'),
(88, 9, 'Laverna Block', 'Dolor inventore et aut quas veniam molestias. Quos quos ea molestias perferendis doloribus. Eveniet veniam porro veritatis ut velit aut aut.', 1, '2021-06-30 08:18:38', '2021-06-30 08:18:38'),
(89, 17, 'Angel O\'Conner', 'Ipsum aut est iure vel reprehenderit a sed. Est consequatur et ex ab repellendus reprehenderit aliquid. Molestias nobis rem sint et et non molestias. Accusamus nihil voluptas a.', 0, '2021-06-30 08:18:38', '2021-06-30 08:18:38'),
(90, 44, 'Janick Larkin', 'Veritatis sunt sit sapiente tempore dolorem quaerat omnis. Architecto ut ut voluptate natus quis aut. Quam suscipit eum id. Doloribus amet quos impedit dolore aut provident. Debitis iusto esse repellendus sapiente quia nihil.', 1, '2021-06-30 08:18:38', '2021-06-30 08:18:38'),
(91, 19, 'Tyrell Emmerich', 'In maxime consequatur aut eos. Reprehenderit et cumque molestias debitis voluptas explicabo quas odit. Laudantium quo eius et labore ex impedit.', 1, '2021-06-30 08:18:38', '2021-06-30 08:18:38'),
(92, 34, 'Dr. Eliane Ankunding I', 'Omnis et ipsam facere ipsa voluptate. Pariatur rerum illum sint quo omnis. Et quaerat non aut ea deleniti aliquid.', 1, '2021-06-30 08:18:38', '2021-06-30 08:18:38'),
(93, 49, 'Jane Friesen Jr.', 'Quis qui aliquam aut. Fugiat voluptatem aut repudiandae eligendi. Enim error aliquam accusantium delectus recusandae ducimus ut harum.', 5, '2021-06-30 08:18:38', '2021-06-30 08:18:38'),
(94, 1, 'Shirley Barrows', 'Aliquam laboriosam doloribus architecto non repellendus. Aliquam cum ipsa distinctio soluta quae magnam. Sed et debitis non sed sed illo.', 4, '2021-06-30 08:18:38', '2021-06-30 08:18:38'),
(95, 45, 'Darrick Leffler', 'Aperiam voluptatem labore aut ut. Ea molestiae tempora unde. Tempora occaecati adipisci assumenda et dignissimos sunt eum magni.', 4, '2021-06-30 08:18:38', '2021-06-30 08:18:38'),
(96, 43, 'Miss Agnes Schmeler DDS', 'Alias non vitae dignissimos quos et officia aut. Consequuntur deleniti est laborum omnis voluptas amet. Doloremque explicabo nihil consequatur libero.', 0, '2021-06-30 08:18:38', '2021-06-30 08:18:38'),
(97, 10, 'Ron Little', 'Ut temporibus explicabo cumque aut quaerat optio. Occaecati accusamus praesentium sint harum animi laboriosam. Voluptatem quibusdam reprehenderit adipisci perspiciatis laudantium. Sit dolores sed impedit quis aut vitae.', 3, '2021-06-30 08:18:38', '2021-06-30 08:18:38'),
(98, 20, 'Prof. Melvin Swift', 'Repellat eveniet autem ut aut quia. Corporis occaecati autem doloremque ipsa beatae molestiae. Tenetur doloribus nemo voluptatibus et optio quaerat. Unde officia voluptatem eveniet aut maiores magnam. Est saepe accusamus ea sint perspiciatis sit sunt atque.', 3, '2021-06-30 08:18:38', '2021-06-30 08:18:38'),
(99, 30, 'Isobel Anderson', 'Ut consequatur hic quo dolorem et et ea. Aut expedita dolores eaque.', 3, '2021-06-30 08:18:38', '2021-06-30 08:18:38'),
(100, 12, 'Kiana Bartoletti', 'Aut perferendis quia inventore non sit id laboriosam. Nisi sapiente rerum odio aliquid veniam enim eum. Error enim soluta nihil totam eius molestiae debitis. Placeat aspernatur nisi delectus sunt veritatis.', 3, '2021-06-30 08:18:38', '2021-06-30 08:18:38'),
(101, 30, 'Miss Marilie Braun III', 'Quidem veniam eos iste est. Sint nam doloribus libero quia nobis eos. Quia qui non totam tempore quis.', 2, '2021-06-30 08:18:38', '2021-06-30 08:18:38'),
(102, 31, 'Bobby Mayert', 'Fugiat temporibus molestias et ut. Error aut hic repudiandae vel. Dolores consequatur reprehenderit nostrum sint distinctio mollitia. Ea enim et harum nobis sunt esse.', 1, '2021-06-30 08:18:38', '2021-06-30 08:18:38'),
(103, 33, 'Kyler Wintheiser', 'Ut ipsam cum iure qui. Iusto quidem qui saepe eius voluptas sint. Et quos expedita cumque tenetur quasi qui dolores quia. Voluptatum ut sint laborum odio deserunt delectus et et.', 0, '2021-06-30 08:18:38', '2021-06-30 08:18:38'),
(104, 40, 'Camila McGlynn III', 'Placeat qui libero illo mollitia in. Magnam dolorem eveniet qui et quae. Ipsum vel voluptatem est occaecati qui.', 2, '2021-06-30 08:18:38', '2021-06-30 08:18:38'),
(105, 24, 'Eddie Conroy', 'Amet eos accusantium sed praesentium ab. Qui sunt soluta dolorem cumque in ut. Explicabo optio ut tempora similique consequatur labore iste. Voluptatum sed possimus ut expedita.', 5, '2021-06-30 08:18:38', '2021-06-30 08:18:38'),
(106, 34, 'Tatyana Schoen', 'Voluptatibus aut ea quia ut. Ut consequuntur in sit aliquam modi error. Sit fugit exercitationem aperiam ea quaerat eum quam.', 0, '2021-06-30 08:18:38', '2021-06-30 08:18:38'),
(107, 49, 'Dr. Melyssa Effertz III', 'Eaque quia ratione aspernatur necessitatibus vero. Quia quis excepturi quos ut et. Qui unde magni iure quia.', 4, '2021-06-30 08:18:38', '2021-06-30 08:18:38'),
(108, 16, 'Tad Effertz', 'Deleniti est commodi sit sunt at cum. Et doloribus at voluptatem ut. Quos quisquam ullam aut quo ut. Voluptatem libero labore a mollitia.', 5, '2021-06-30 08:18:38', '2021-06-30 08:18:38'),
(109, 9, 'Ms. Lottie Reichert', 'Et veniam iusto eveniet consequuntur doloremque. Esse et consectetur qui voluptatem quod nulla. Quia dolor enim ut aut ut non quasi.', 2, '2021-06-30 08:18:38', '2021-06-30 08:18:38'),
(110, 19, 'Ms. Jacquelyn Pollich', 'Non vel soluta et facere sed doloremque voluptates. Qui consectetur officia et assumenda. Qui nihil perferendis maiores nobis.', 5, '2021-06-30 08:18:38', '2021-06-30 08:18:38'),
(111, 34, 'Enos Kiehn', 'Rerum laborum animi culpa minus. Cupiditate consequuntur pariatur perspiciatis dicta. Qui porro saepe odit veritatis voluptatum et sit.', 3, '2021-06-30 08:18:38', '2021-06-30 08:18:38'),
(112, 10, 'Dr. Michael Brakus V', 'Ipsum cum rerum nisi adipisci praesentium qui quo nostrum. Et occaecati et ea aliquam quo temporibus. Possimus qui quidem omnis aliquam atque ea.', 1, '2021-06-30 08:18:38', '2021-06-30 08:18:38'),
(113, 21, 'Jennyfer O\'Hara', 'Et facere minus nesciunt quo at aliquam expedita sed. Quod vel aut quia blanditiis dolores. Et incidunt sed dolore. Sed quis eaque sequi odit quidem sed pariatur fuga.', 4, '2021-06-30 08:18:38', '2021-06-30 08:18:38'),
(114, 35, 'Melissa Keebler', 'In rem ut assumenda sed aut eaque itaque. Laborum quia error consequatur enim voluptas qui. Possimus voluptas voluptatem et dolor non non exercitationem in.', 4, '2021-06-30 08:18:38', '2021-06-30 08:18:38'),
(115, 29, 'Prof. Verla O\'Reilly PhD', 'Est eaque est vero distinctio quos. Tenetur qui quia fugiat ut magni ut quia. Ea rerum est nihil occaecati. Qui illum cum autem omnis sit deleniti magnam.', 0, '2021-06-30 08:18:38', '2021-06-30 08:18:38'),
(116, 26, 'Randi Schmitt PhD', 'Rem corrupti optio omnis facere in repellendus blanditiis et. Voluptatem sunt eos dolorem quod doloribus recusandae enim ipsa. Corporis quibusdam fugit rem voluptatum quas voluptate. Fugit quo odio ipsam nesciunt consequatur ut ducimus.', 1, '2021-06-30 08:18:38', '2021-06-30 08:18:38'),
(117, 33, 'Nicola Grady', 'Est nihil ex dicta facere culpa consequatur facere suscipit. Voluptatem totam accusantium corporis eum.', 0, '2021-06-30 08:18:38', '2021-06-30 08:18:38'),
(118, 1, 'Dr. Freddy Cummerata', 'Quasi quasi numquam qui ipsam nisi quos. Ipsa necessitatibus amet vel rerum adipisci cupiditate reprehenderit. Eaque odio fugit dolore totam itaque. Laudantium aut omnis nesciunt necessitatibus sed.', 1, '2021-06-30 08:18:38', '2021-06-30 08:18:38'),
(119, 37, 'Francis Macejkovic', 'Enim laudantium atque aut libero est voluptas. Sed dignissimos et perspiciatis quia quae. Ducimus et similique est recusandae. Repudiandae aliquid et et nisi modi id ut suscipit.', 1, '2021-06-30 08:18:38', '2021-06-30 08:18:38'),
(120, 16, 'Georgette Fisher V', 'Voluptas aliquam iure accusamus incidunt aut rerum. Cum sed sit blanditiis quasi vel sunt ullam sunt. Occaecati illo vero est dignissimos eos delectus.', 0, '2021-06-30 08:18:38', '2021-06-30 08:18:38'),
(121, 31, 'Joelle Beier MD', 'Officia consequatur ipsa reiciendis fugiat. Maiores quasi dolore at corporis molestiae vel. Maxime rerum corrupti qui cum sed.', 4, '2021-06-30 08:18:38', '2021-06-30 08:18:38'),
(122, 14, 'Dr. Howell Bednar', 'Quasi corporis non dolorem consequatur recusandae sint. Exercitationem cum ipsam quis adipisci dicta maxime atque. Voluptas cumque ipsa rerum sed dicta excepturi. Voluptatem aliquid quis ut.', 0, '2021-06-30 08:18:38', '2021-06-30 08:18:38'),
(123, 11, 'Jaida Blick IV', 'Voluptate ut laborum accusamus. Nihil id nihil consequatur eos asperiores itaque quo. Sed quia a ut saepe aliquid.', 4, '2021-06-30 08:18:38', '2021-06-30 08:18:38'),
(124, 34, 'Madalyn Ratke PhD', 'Modi quidem placeat natus odit dolor ad. Maiores sint cumque architecto expedita. Explicabo ratione et repellat at voluptatem repudiandae commodi. Illum animi quia aut id libero.', 5, '2021-06-30 08:18:38', '2021-06-30 08:18:38'),
(125, 26, 'Lee Lowe', 'Quod possimus quaerat eius ut suscipit dolorum. Perferendis commodi dolorum quod ipsam. Voluptas enim consequatur quod doloribus in quasi.', 0, '2021-06-30 08:18:38', '2021-06-30 08:18:38'),
(126, 2, 'Ewell Watsica', 'Expedita est qui maxime optio sed vel enim. Voluptatibus quia nostrum beatae. Error aut et quia et hic eius alias quidem. In natus doloribus et consequatur.', 4, '2021-06-30 08:18:38', '2021-06-30 08:18:38'),
(127, 1, 'Dr. Antonette Lemke III', 'Aut delectus dolor ex minus quidem quae explicabo porro. Ipsum cum quis doloribus tempora. Perspiciatis ipsam rerum suscipit adipisci. Dolorem sunt doloremque voluptatem natus maxime nobis.', 0, '2021-06-30 08:18:38', '2021-06-30 08:18:38'),
(128, 46, 'Adrienne Lueilwitz', 'Sit vitae neque cupiditate qui ea dolores. Quisquam sint et quidem exercitationem.', 0, '2021-06-30 08:18:38', '2021-06-30 08:18:38'),
(129, 18, 'Mr. Colton Haag', 'Doloribus quibusdam ullam nemo aut. Blanditiis eos veniam quo ipsam quis voluptatem. Debitis modi dolore veniam quisquam vero rerum autem. Aut iure qui ducimus quis in qui. Autem et et labore distinctio qui magni vero.', 2, '2021-06-30 08:18:38', '2021-06-30 08:18:38'),
(130, 49, 'Edgar Rosenbaum', 'Consequatur dignissimos sunt atque. Voluptas illum dignissimos velit autem dolorem dolores magni. Ullam dolorum harum aut veniam exercitationem ea.', 3, '2021-06-30 08:18:38', '2021-06-30 08:18:38'),
(131, 7, 'Enola Will', 'Enim deserunt perspiciatis consequuntur saepe molestias est repellendus. Dolorem et at dolores enim aut. Dolorum nulla voluptas aliquam voluptas distinctio. Quam laboriosam eum voluptas consequatur commodi eum quam maxime.', 1, '2021-06-30 08:18:38', '2021-06-30 08:18:38'),
(132, 47, 'Soledad Wolff', 'Saepe ducimus quam porro consequatur. Error ea et qui optio. Qui iste ut ut natus vero ea tenetur.', 0, '2021-06-30 08:18:38', '2021-06-30 08:18:38'),
(133, 32, 'Amari Parisian V', 'Illum molestiae et velit voluptas voluptas dignissimos. Qui quo cupiditate quo et ut dolor. Id voluptatibus omnis incidunt. Et dolores iusto voluptatibus soluta vel aut.', 5, '2021-06-30 08:18:38', '2021-06-30 08:18:38'),
(134, 29, 'Terrill Turner', 'Libero velit culpa magnam minus eligendi magni quo voluptates. Occaecati voluptatibus nostrum quia occaecati consectetur. Et tempore sit ducimus itaque omnis. Cumque excepturi est ratione ut fuga et.', 5, '2021-06-30 08:18:38', '2021-06-30 08:18:38'),
(135, 22, 'Francisco Hammes', 'Id veritatis tempore porro accusamus corporis aut eveniet. Fuga non alias dolore autem aperiam.', 3, '2021-06-30 08:18:38', '2021-06-30 08:18:38'),
(136, 42, 'Ms. Dayana Grant DVM', 'Esse id sunt et. Iste eum saepe tempore quos tempora. Laborum voluptatem rem quaerat rerum iure praesentium. Porro magni quam assumenda explicabo ut.', 3, '2021-06-30 08:18:38', '2021-06-30 08:18:38'),
(137, 36, 'Savannah Krajcik III', 'Qui assumenda facilis sit ut. Officiis ducimus quia ipsum ipsam. A sit id ducimus et sed et. Soluta illum nisi et dolores sit quis voluptas.', 1, '2021-06-30 08:18:38', '2021-06-30 08:18:38'),
(138, 2, 'Prof. Eino Conroy', 'Aperiam quas tenetur ut consectetur id facilis repellat ut. Quaerat porro modi deserunt sed molestiae totam earum. Nostrum quaerat laboriosam labore non aspernatur molestias nam.', 1, '2021-06-30 08:18:38', '2021-06-30 08:18:38'),
(139, 27, 'Maria Mayert', 'Eum aut fugit in aliquid dignissimos provident dolorem recusandae. Dolores alias saepe est sed nihil autem. Quia et omnis enim et nesciunt. Culpa sequi in ut eveniet.', 1, '2021-06-30 08:18:38', '2021-06-30 08:18:38'),
(140, 21, 'Prof. Mohammad Reilly IV', 'Nemo quibusdam illo et. Ipsam repellendus et exercitationem officia voluptatum optio corporis vel. Qui qui hic est quaerat sequi vel cupiditate. Fugiat nihil asperiores libero quis. Cumque vel sed ullam fuga iste omnis rerum.', 0, '2021-06-30 08:18:38', '2021-06-30 08:18:38'),
(141, 10, 'Dr. Arvilla Heaney', 'Dolorem ipsa vel sint sit. Velit rerum ea voluptatem nisi incidunt aut suscipit. Iste est laboriosam facere minima fuga.', 5, '2021-06-30 08:18:38', '2021-06-30 08:18:38'),
(142, 34, 'Watson Padberg MD', 'Aut ea aut aperiam et. Sint doloremque dicta sed ipsam velit. Perspiciatis sed eum architecto dicta dolor perferendis earum dolorem.', 1, '2021-06-30 08:18:38', '2021-06-30 08:18:38'),
(143, 1, 'Dr. Olin Gaylord', 'Quae debitis quo quia magni ut. Ad dolorum quis libero aliquam nobis. Et quia reiciendis ut quo voluptatum.', 1, '2021-06-30 08:18:38', '2021-06-30 08:18:38'),
(144, 49, 'Rozella Donnelly MD', 'Accusamus labore adipisci nemo et perspiciatis praesentium. Officiis repudiandae sit molestiae a eveniet eos repellendus. Harum sit possimus quisquam qui et.', 2, '2021-06-30 08:18:38', '2021-06-30 08:18:38'),
(145, 47, 'Candida Kuhlman', 'Et qui ipsam voluptas libero. Sit a vero eligendi enim occaecati. Consequatur eum id ut asperiores alias nostrum. Quam et odio dignissimos est alias.', 2, '2021-06-30 08:18:38', '2021-06-30 08:18:38'),
(146, 26, 'Ms. Katherine Robel', 'Architecto itaque qui nihil libero. Et minus omnis distinctio harum accusantium. Corporis distinctio vel pariatur fuga voluptatem.', 0, '2021-06-30 08:18:38', '2021-06-30 08:18:38'),
(147, 18, 'Ms. Telly Runte', 'Quaerat et enim debitis odit ea id. Quo cum quam laudantium nostrum iure iste. Nam labore et sit odit quos. Ut aliquam fugiat nobis qui quia enim.', 0, '2021-06-30 08:18:38', '2021-06-30 08:18:38'),
(148, 18, 'Elton Kemmer', 'Molestiae qui doloremque quas sed atque. Et et ea occaecati dolore voluptas sequi. Suscipit eos excepturi voluptas assumenda accusamus maxime id.', 5, '2021-06-30 08:18:38', '2021-06-30 08:18:38'),
(149, 41, 'Dr. Alyson Upton PhD', 'Dolorem minima error consequatur sunt. Ut et est quae. Quisquam est non ut facere.', 3, '2021-06-30 08:18:38', '2021-06-30 08:18:38'),
(150, 36, 'Mr. Ola Wiegand', 'Ut aspernatur expedita aliquid aut pariatur quo. Accusantium magni qui nostrum similique rerum quia ut quo. Nihil cupiditate iste labore quasi. Aut culpa vero impedit dolorem.', 4, '2021-06-30 08:18:38', '2021-06-30 08:18:38'),
(151, 33, 'Griffin Reichert', 'Sunt in minus optio quisquam officia sunt asperiores nobis. Vel facilis reprehenderit ipsam maxime animi occaecati. Rerum velit voluptate quo velit facilis facilis vitae. Labore ut voluptatem et nihil sed aut suscipit.', 1, '2021-06-30 08:18:38', '2021-06-30 08:18:38'),
(152, 39, 'Celestine Predovic DVM', 'Veniam provident consequatur consequatur ullam ut est. Labore doloribus inventore cumque quasi. Architecto quia rem aut rerum. Aut explicabo alias deleniti dolor tempore aperiam aut.', 5, '2021-06-30 08:18:38', '2021-06-30 08:18:38'),
(153, 20, 'Prof. Nikko Heathcote II', 'Modi dolor qui explicabo non omnis atque. Ab ipsum sint et eaque. Minima beatae ratione officiis ipsum.', 5, '2021-06-30 08:18:38', '2021-06-30 08:18:38'),
(154, 49, 'Shania Howell', 'Dolore consectetur sed molestiae omnis deserunt rerum quam. Officiis aliquam exercitationem quod accusantium maxime ut consectetur incidunt. Velit in enim doloremque voluptatibus fugit iste corporis. Ex corporis commodi reprehenderit saepe.', 3, '2021-06-30 08:18:38', '2021-06-30 08:18:38'),
(155, 12, 'Prof. Estell Legros', 'Sed iure possimus fugit eveniet laboriosam in delectus. Amet excepturi eaque nemo. Quia minima quia consequuntur omnis dignissimos illum tempora qui.', 3, '2021-06-30 08:18:38', '2021-06-30 08:18:38'),
(156, 48, 'Otilia Fritsch', 'Vel nostrum voluptas qui architecto possimus commodi et. Voluptas odio omnis occaecati sit porro ipsam. Sunt itaque quia et itaque animi inventore aut. Est qui aut et cupiditate cum.', 0, '2021-06-30 08:18:38', '2021-06-30 08:18:38'),
(157, 19, 'Veronica Koch', 'Voluptas ut aliquam labore sit eos quod qui. Rerum cupiditate suscipit voluptates incidunt ducimus.', 1, '2021-06-30 08:18:38', '2021-06-30 08:18:38'),
(158, 1, 'Dr. Cory Kshlerin V', 'Ut vero asperiores tempore veritatis qui laboriosam enim. Dolor omnis quo sit quae dolore repellendus. A est dicta labore voluptatum.', 3, '2021-06-30 08:18:38', '2021-06-30 08:18:38'),
(159, 10, 'Mustafa Prosacco', 'Occaecati voluptatem ad est architecto. Nobis et laudantium est et quia eos. Expedita a vel magnam quia est magnam. Autem maiores voluptate praesentium ratione quia eveniet porro.', 3, '2021-06-30 08:18:38', '2021-06-30 08:18:38'),
(160, 23, 'Felipa Wehner MD', 'Aut quae ab voluptatem consequatur et aperiam natus autem. Aut impedit temporibus impedit sapiente harum atque. Ipsam possimus molestias vitae.', 5, '2021-06-30 08:18:38', '2021-06-30 08:18:38'),
(161, 23, 'Chet Wiza', 'Nulla autem error officia neque. Quis enim dolores facilis maxime. Quos dolores placeat earum aut totam. Quia qui asperiores sed asperiores excepturi.', 0, '2021-06-30 08:18:38', '2021-06-30 08:18:38'),
(162, 33, 'Mr. Julius Ritchie', 'Veritatis minus accusamus ut soluta qui. Voluptatem provident dicta aliquam sequi autem soluta vero. In voluptatum aliquid beatae reprehenderit mollitia. Repudiandae libero molestias officia sit.', 3, '2021-06-30 08:18:38', '2021-06-30 08:18:38'),
(163, 3, 'Mr. Mckenzie Jerde II', 'Omnis hic id consectetur veniam laborum natus quae. Ullam nisi doloremque sed est placeat et odit fugiat. Ipsam inventore eum porro.', 1, '2021-06-30 08:18:38', '2021-06-30 08:18:38'),
(164, 44, 'Dakota Jones', 'Eius ut tempora ea totam. Dolorem magni provident assumenda molestiae voluptatibus aperiam eos. Nihil molestiae corrupti ullam perspiciatis voluptates nobis. Fuga qui tempora qui ut quasi.', 1, '2021-06-30 08:18:38', '2021-06-30 08:18:38'),
(165, 47, 'Gracie Tromp IV', 'Corporis nulla non earum libero illo. Neque autem tenetur error sit. Atque sit corporis velit dolores id ullam dolores. Impedit deserunt aliquam tempore et laborum.', 1, '2021-06-30 08:18:38', '2021-06-30 08:18:38'),
(166, 28, 'Callie Legros', 'Et et vel dicta est. Hic totam est iusto. Fuga atque quo error laborum nostrum quis nam. Dicta dolores atque qui reprehenderit ut libero.', 3, '2021-06-30 08:18:38', '2021-06-30 08:18:38'),
(167, 26, 'Beaulah Heaney', 'Cupiditate iure quia mollitia eum. Est atque quaerat qui velit. Voluptatem cupiditate dolores vel aut cumque.', 2, '2021-06-30 08:18:38', '2021-06-30 08:18:38'),
(168, 42, 'Ms. Darlene Windler', 'Est aut natus et. Distinctio libero dolor sint non. Voluptate aperiam earum itaque delectus dolores. Nostrum temporibus nesciunt et labore.', 0, '2021-06-30 08:18:38', '2021-06-30 08:18:38'),
(169, 3, 'Miss Lois Schroeder PhD', 'Vitae quod aliquid dolores ea. Optio modi error distinctio. Quae asperiores laudantium natus sapiente porro. Ea molestiae quo fugit et.', 5, '2021-06-30 08:18:38', '2021-06-30 08:18:38'),
(170, 4, 'Buddy Gibson', 'Voluptas dolor dolorem iste qui doloremque qui quia. Pariatur qui ea architecto optio ab rerum. Dolores laboriosam ullam cupiditate.', 5, '2021-06-30 08:18:38', '2021-06-30 08:18:38'),
(171, 2, 'Chad Kertzmann Sr.', 'Dolore aut sequi quia et numquam ab placeat qui. Cum enim voluptas quam ratione. Dolore voluptas quos ab dolorem.', 0, '2021-06-30 08:18:38', '2021-06-30 08:18:38'),
(172, 19, 'Prof. Neha Ondricka', 'Ea nesciunt aut rerum velit. In vitae porro sapiente similique fuga autem ipsum. Tempora minus magnam exercitationem est.', 3, '2021-06-30 08:18:38', '2021-06-30 08:18:38'),
(173, 39, 'Mrs. Willie Weber IV', 'Quia illo sed et ut. Nemo fugiat sed qui animi rerum id ex. Explicabo dolorem exercitationem fugit aut possimus est sunt.', 0, '2021-06-30 08:18:38', '2021-06-30 08:18:38'),
(174, 50, 'Mr. Eriberto Hirthe', 'Quis asperiores praesentium qui nisi ullam. In minima vel eum qui consequatur. Architecto voluptas quis velit sint tenetur velit suscipit et.', 3, '2021-06-30 08:18:38', '2021-06-30 08:18:38'),
(175, 1, 'Malinda Sporer', 'Consequatur vero quam dolor minus ut omnis. Expedita culpa voluptatem amet maxime. Quas neque quidem iusto.', 0, '2021-06-30 08:18:38', '2021-06-30 08:18:38'),
(176, 50, 'Will Will', 'Architecto nisi tempore esse. Quia recusandae sint quo qui numquam dolores. Corrupti est sit assumenda earum illo et. Optio perferendis optio dignissimos autem.', 5, '2021-06-30 08:18:38', '2021-06-30 08:18:38'),
(177, 12, 'Ilene Thompson', 'Aliquam ab quaerat sint doloribus id at. Harum qui maiores sequi et ipsam ipsam autem.', 2, '2021-06-30 08:18:38', '2021-06-30 08:18:38'),
(178, 7, 'Evan Jenkins DVM', 'Quidem dolorum et enim quis. Optio nihil ut autem vero aspernatur. Magni ipsum illum et sint. Voluptatem alias quia tempora totam et doloremque saepe et.', 5, '2021-06-30 08:18:38', '2021-06-30 08:18:38'),
(179, 47, 'Mrs. Daisha Turcotte PhD', 'Recusandae doloremque rerum incidunt id. Officia in eos vel est veniam. Nam modi ut voluptatem dicta possimus id ut. Non consequuntur et sed qui molestias. Nobis ratione rerum dolorum eum quaerat.', 2, '2021-06-30 08:18:38', '2021-06-30 08:18:38'),
(180, 31, 'Miss Cierra Harvey', 'Aut suscipit magni autem quaerat autem doloribus eligendi repellat. Quaerat culpa nesciunt a numquam eos. Qui tempore omnis et iure et veritatis odio.', 1, '2021-06-30 08:18:38', '2021-06-30 08:18:38'),
(181, 22, 'Lonie Kilback', 'Eveniet eveniet molestias vitae. Iure quia saepe numquam quaerat molestiae libero iste. Eos illum culpa aut et temporibus porro qui et.', 4, '2021-06-30 08:18:38', '2021-06-30 08:18:38'),
(182, 29, 'Mr. Kyler Gleason MD', 'Dolor perferendis libero ea modi reiciendis et. Deserunt deserunt ipsam nam accusamus. Mollitia aut nemo laudantium omnis id. Odio quos voluptas consequuntur quaerat ipsum aut. Qui perspiciatis ut eius iusto error.', 3, '2021-06-30 08:18:38', '2021-06-30 08:18:38'),
(183, 21, 'Miss Hailee O\'Hara', 'Vel quia molestiae optio. Velit rerum praesentium culpa sunt placeat debitis soluta expedita. Qui omnis quo quia iusto eaque neque qui dolorem. Quod repellat autem est est perspiciatis cumque.', 4, '2021-06-30 08:18:38', '2021-06-30 08:18:38'),
(184, 14, 'Rick McGlynn', 'Quo consectetur cumque unde quam dolore non aut. Eaque maxime veritatis aut deserunt autem. Quas ex dolorem velit sint. Ex rem molestias dignissimos illum quam ducimus.', 5, '2021-06-30 08:18:38', '2021-06-30 08:18:38'),
(185, 7, 'Jerrell Schuster DVM', 'Explicabo nihil eos porro aut esse aut. Eum unde quia qui sunt quam. Velit dolorum ut quos est eum. Est possimus occaecati dolor ipsa sed.', 1, '2021-06-30 08:18:38', '2021-06-30 08:18:38'),
(186, 36, 'Hailee Cruickshank', 'Sapiente sit facere fugiat est harum exercitationem. Accusantium ut et sit nam corrupti. Est et expedita rerum iusto incidunt quidem dolor. Officiis inventore repudiandae soluta doloribus sunt.', 4, '2021-06-30 08:18:38', '2021-06-30 08:18:38'),
(187, 24, 'Ms. Stacy Torp', 'Voluptatem beatae et aliquam rerum minus enim sed. Provident sit optio commodi necessitatibus. Voluptates porro nihil consequatur praesentium.', 5, '2021-06-30 08:18:38', '2021-06-30 08:18:38'),
(188, 49, 'Bert Toy', 'Sapiente eaque reiciendis odit soluta molestiae. Odit quae aut expedita est. Quibusdam dolorem dignissimos eos ullam earum culpa pariatur est.', 4, '2021-06-30 08:18:38', '2021-06-30 08:18:38'),
(189, 47, 'Carolyn Wiza IV', 'Neque fuga sit sit doloribus voluptas sit earum. Suscipit alias doloribus voluptatem molestiae sunt. Eos hic rerum incidunt non minus modi illo.', 2, '2021-06-30 08:18:38', '2021-06-30 08:18:38'),
(190, 20, 'Prof. August Koch', 'Asperiores dignissimos ea ut magnam incidunt sunt velit nihil. Culpa sunt ad rerum molestias voluptatem amet. Nihil earum ea velit sequi omnis. Consequatur labore ex recusandae dolore molestias.', 5, '2021-06-30 08:18:38', '2021-06-30 08:18:38'),
(191, 32, 'Prof. Ephraim Eichmann', 'Ut temporibus excepturi consectetur ea delectus. Aspernatur quo voluptatem et quae. Cupiditate provident omnis occaecati est voluptatem. Ipsa id ipsa ut ut ipsa qui rerum.', 0, '2021-06-30 08:18:38', '2021-06-30 08:18:38'),
(192, 47, 'Kaylie Simonis IV', 'Vero ad possimus porro magni. Praesentium illo consequatur nostrum deleniti et. Non iusto ut voluptates qui ratione.', 2, '2021-06-30 08:18:38', '2021-06-30 08:18:38'),
(193, 48, 'Will Volkman', 'Ut minus corrupti placeat minus. Consequatur ducimus accusantium dolor dicta dolorum excepturi ipsa. Et sunt est deserunt dolores in. Et quam aut aperiam maiores modi iste id.', 2, '2021-06-30 08:18:38', '2021-06-30 08:18:38'),
(194, 44, 'Mrs. Ethelyn Johns I', 'Itaque veniam rem sit cum quas ullam. Est omnis quas iure architecto porro alias. Tempore qui sapiente laudantium sed. Perspiciatis corporis at ea fugiat voluptatem accusantium.', 4, '2021-06-30 08:18:38', '2021-06-30 08:18:38'),
(195, 18, 'Madie Stanton', 'Enim aliquam corporis quia. Sed autem corrupti debitis animi. Pariatur ducimus eos voluptates placeat.', 2, '2021-06-30 08:18:38', '2021-06-30 08:18:38'),
(196, 49, 'Pansy Kerluke Sr.', 'Accusamus ex nemo quos perferendis dolorem qui. Et aut et voluptate. Velit rerum sequi placeat. Quo dolore praesentium et consequatur non quia.', 5, '2021-06-30 08:18:38', '2021-06-30 08:18:38'),
(197, 41, 'Katlynn Sauer', 'Vitae voluptatem qui vel esse. Est est quia dolor et saepe dolores. Est facere non ad.', 4, '2021-06-30 08:18:38', '2021-06-30 08:18:38'),
(198, 49, 'Mr. Fidel Breitenberg', 'Praesentium voluptas nobis similique consequuntur molestias voluptatem est similique. Voluptate dolores vitae omnis nemo. Laudantium eligendi porro accusantium natus. Odio eligendi necessitatibus quas ratione.', 3, '2021-06-30 08:18:38', '2021-06-30 08:18:38'),
(199, 25, 'Andres Braun', 'Accusamus maiores veritatis non quaerat. Fugit sit inventore vel quo. Quam voluptatem et vero nam.', 0, '2021-06-30 08:18:38', '2021-06-30 08:18:38'),
(200, 2, 'Kurtis Jenkins Jr.', 'Sit iure vel non voluptas modi enim. Impedit nam et excepturi sed illo. Dolor ut voluptatem accusamus enim.', 4, '2021-06-30 08:18:38', '2021-06-30 08:18:38'),
(201, 46, 'Nadia Runolfsdottir', 'Adipisci est eos soluta dolores dolorem quo. A aut rerum tempora eius. Natus recusandae ipsum officiis qui voluptas sed laudantium. Quas tempora explicabo quia architecto consequuntur et dicta.', 1, '2021-06-30 08:18:38', '2021-06-30 08:18:38'),
(202, 20, 'Kristoffer Hills', 'Expedita ab aut maxime. Sed dicta quod cumque dolorem in a. Quidem nesciunt rem autem consequatur sit quibusdam aut. Iusto aut quia rerum et necessitatibus.', 0, '2021-06-30 08:18:38', '2021-06-30 08:18:38'),
(203, 5, 'Madilyn Walker', 'Est iure quia illum quia consequatur dolor assumenda. Minima tempore incidunt vel vel quam quos. Optio perferendis animi doloremque suscipit.', 0, '2021-06-30 08:18:38', '2021-06-30 08:18:38'),
(204, 14, 'Bridgette Durgan', 'Consequatur iusto nulla assumenda et nulla eaque ut. Asperiores odio tempore illo autem at iure. Et recusandae sunt voluptatem fugit. Amet reiciendis dolores quo impedit quas placeat. Qui deleniti sequi aut vero sapiente assumenda.', 1, '2021-06-30 08:18:38', '2021-06-30 08:18:38'),
(205, 10, 'Ms. Shanelle Kshlerin', 'Fugit est quam enim voluptatibus praesentium ut. Et aut illum sed rerum molestias voluptatem. Mollitia et vero occaecati consequuntur ipsa consequatur. Quia quis commodi vel dolores.', 5, '2021-06-30 08:18:38', '2021-06-30 08:18:38'),
(206, 11, 'Thaddeus Wunsch', 'Qui est maiores labore tempore aut. Eos voluptatem temporibus iure explicabo laboriosam est ut. Aut officia magnam perferendis facere autem unde cumque placeat.', 5, '2021-06-30 08:18:38', '2021-06-30 08:18:38'),
(207, 14, 'Germaine Skiles', 'Neque architecto temporibus voluptatem modi. Cupiditate inventore cupiditate ratione enim exercitationem ut blanditiis.', 1, '2021-06-30 08:18:38', '2021-06-30 08:18:38'),
(208, 34, 'Prof. Carson Nolan', 'Deleniti officiis sunt nam ipsam debitis. Et voluptates deleniti repellat explicabo quae qui quod. Nobis odit sed possimus facere magni nam.', 0, '2021-06-30 08:18:38', '2021-06-30 08:18:38'),
(209, 47, 'Polly Hansen', 'Vel ipsam facere nihil tempora. Iure nihil deleniti in nostrum voluptatibus.', 1, '2021-06-30 08:18:38', '2021-06-30 08:18:38'),
(210, 30, 'Derrick Tillman Jr.', 'Velit in neque maiores facilis qui eveniet. Inventore aut aut enim illo. Et tenetur quos omnis. Et quae pariatur sint accusantium cumque quo sed.', 5, '2021-06-30 08:18:38', '2021-06-30 08:18:38'),
(211, 13, 'Ms. Meghan Treutel Sr.', 'Minus nemo vitae harum. Voluptatem omnis corrupti quos dolore. Voluptate dolor ut ea omnis voluptas praesentium ut.', 2, '2021-06-30 08:18:38', '2021-06-30 08:18:38');
INSERT INTO `reviews` (`id`, `product_id`, `customer`, `review`, `start`, `created_at`, `updated_at`) VALUES
(212, 19, 'Rae Toy', 'Omnis deleniti qui qui. Quasi accusantium est id voluptatem. Tenetur et quod cumque quod in. Quo quia voluptas fuga quas laborum consequatur.', 0, '2021-06-30 08:18:38', '2021-06-30 08:18:38'),
(213, 2, 'Dr. Avery Reynolds', 'Vitae velit neque ad magni. Quas maxime autem eum et ut qui. Illo earum possimus modi sed neque nam. Placeat ipsa voluptas ullam iste a.', 1, '2021-06-30 08:18:38', '2021-06-30 08:18:38'),
(214, 28, 'Dariana Hartmann', 'Quia voluptatem dicta id atque voluptates aliquid earum. Fugiat molestiae atque architecto. Laudantium et quasi hic ad voluptates veritatis quia. Est iure veritatis nostrum iusto voluptatem dolorem modi sunt.', 0, '2021-06-30 08:18:38', '2021-06-30 08:18:38'),
(215, 7, 'Aniya Mayer', 'Mollitia quis est nihil qui consequatur eius est. Fuga unde facere laudantium dolores. Maxime perspiciatis in quia et asperiores corporis. Distinctio vitae voluptatem eum ad et doloremque ipsa. Ipsum enim totam sit porro.', 0, '2021-06-30 08:18:38', '2021-06-30 08:18:38'),
(216, 20, 'Adelle Moen', 'Deleniti iste quaerat eum laudantium facilis. Quia ut ut et ut quibusdam et. Voluptas earum porro nostrum est est et blanditiis. Aliquid ratione nihil ab architecto.', 0, '2021-06-30 08:18:38', '2021-06-30 08:18:38'),
(217, 7, 'Murphy Wisozk', 'Qui dolorem tempore vero ex. Recusandae ex pariatur sed vel esse. Aliquam beatae blanditiis et. Magnam enim unde totam laudantium inventore laboriosam eius.', 4, '2021-06-30 08:18:38', '2021-06-30 08:18:38'),
(218, 10, 'Rocio Goodwin MD', 'Numquam aut error recusandae minus maiores sed earum laborum. Possimus optio nam architecto eum. Consequatur ut adipisci non pariatur sapiente consequatur. Aut accusamus ducimus inventore sed voluptatem autem.', 5, '2021-06-30 08:18:38', '2021-06-30 08:18:38'),
(219, 42, 'Enos Lakin', 'Corrupti qui qui repellendus et. Qui dolores ea quam aliquid voluptatum atque facilis unde. Voluptatem quod ea et.', 4, '2021-06-30 08:18:38', '2021-06-30 08:18:38'),
(220, 15, 'Dominique Stokes Jr.', 'Aperiam id nulla molestias ex quo. Odio quo voluptate non eos est deserunt accusantium. Quia illo tenetur consequuntur voluptatem id praesentium qui. Tenetur perspiciatis repudiandae quo blanditiis non quia iste.', 0, '2021-06-30 08:18:38', '2021-06-30 08:18:38'),
(221, 38, 'Lavon Schowalter', 'Voluptate deserunt quo voluptatem culpa. Harum aut occaecati consequatur beatae commodi enim. Quaerat inventore quos magni ipsum et nam voluptas.', 4, '2021-06-30 08:18:38', '2021-06-30 08:18:38'),
(222, 50, 'Ari Kuhlman', 'Nihil natus rerum nihil impedit aut. Placeat odio earum dolore quia qui culpa et. Et ut illum illo nobis. Repellat fugit debitis exercitationem. Magni ea sequi aliquam voluptates praesentium consectetur ut.', 3, '2021-06-30 08:18:38', '2021-06-30 08:18:38'),
(223, 2, 'Dr. Edward Klocko', 'Corporis consectetur fugiat qui nesciunt est. Nihil perferendis facilis et aut aut distinctio. Distinctio ullam dolores ipsa.', 3, '2021-06-30 08:18:38', '2021-06-30 08:18:38'),
(224, 42, 'Jena McGlynn V', 'Est vero dolorem quos molestiae voluptas alias explicabo. Ut quia qui illum sit rerum est. Eaque ex qui tenetur non aut laborum.', 4, '2021-06-30 08:18:38', '2021-06-30 08:18:38'),
(225, 39, 'Marianna Wyman IV', 'Sint quae tempore enim nostrum dolores quia nemo. Perspiciatis nesciunt voluptatem dignissimos officia distinctio voluptatibus repellat. Et amet ut velit quasi delectus ut.', 3, '2021-06-30 08:18:38', '2021-06-30 08:18:38'),
(226, 20, 'Garret Miller', 'Eos quae nisi maxime. Labore non consequatur velit perferendis esse accusantium. Tempore voluptas eum molestiae quisquam qui eum aut minima.', 3, '2021-06-30 08:18:38', '2021-06-30 08:18:38'),
(227, 7, 'Mr. Leone Turcotte IV', 'Quo ipsum odit consectetur. Inventore sed enim consequatur nihil hic laborum culpa. Ad voluptatum placeat impedit blanditiis laboriosam perspiciatis consequatur. Velit quod non voluptatibus cumque nisi id.', 2, '2021-06-30 08:18:38', '2021-06-30 08:18:38'),
(228, 7, 'Victor Schneider', 'Consectetur molestiae assumenda iusto ducimus vel non. Velit aut eius dolorum qui voluptas. In maiores sapiente vitae cumque. Non velit soluta omnis dolores voluptatum eum vel provident.', 0, '2021-06-30 08:18:38', '2021-06-30 08:18:38'),
(229, 40, 'Miss Isabel Stokes DDS', 'Dolor ut maxime sed alias animi. Voluptas enim quod voluptatem officia assumenda facere quam. Illum aut quae velit omnis.', 3, '2021-06-30 08:18:38', '2021-06-30 08:18:38'),
(230, 5, 'Leanna Marvin', 'Sapiente eum ut eaque doloribus. Est ut voluptas dignissimos eos dolore sunt. Natus error rerum et quia autem itaque.', 4, '2021-06-30 08:18:38', '2021-06-30 08:18:38'),
(231, 15, 'Creola Baumbach DDS', 'Earum ea magnam sit nam odit rem aut. Optio rem voluptatem voluptatem rerum adipisci itaque est. Molestiae porro nulla excepturi ipsam. Rerum ut non sunt est.', 1, '2021-06-30 08:18:38', '2021-06-30 08:18:38'),
(232, 22, 'Marguerite Wunsch Jr.', 'Voluptatum et provident omnis. Ut suscipit ut omnis ex. Voluptas debitis reprehenderit cupiditate et.', 4, '2021-06-30 08:18:38', '2021-06-30 08:18:38'),
(233, 45, 'Rodrigo Breitenberg', 'Est vel accusamus ea dicta exercitationem. Qui aut repellendus fuga ut magnam doloribus dolor. Et debitis non neque tenetur corporis aut.', 0, '2021-06-30 08:18:38', '2021-06-30 08:18:38'),
(234, 42, 'Lera Dare', 'Voluptas omnis et porro soluta praesentium earum modi. Voluptatem nemo dolor quo nostrum. Corrupti qui voluptatem sequi atque aut sit.', 5, '2021-06-30 08:18:38', '2021-06-30 08:18:38'),
(235, 37, 'Dr. Maurine Strosin MD', 'Optio et recusandae quod. Rerum vero nihil eaque nemo ut iste sed.', 2, '2021-06-30 08:18:38', '2021-06-30 08:18:38'),
(236, 25, 'Prof. Stanford Lakin DDS', 'Voluptate unde error dolorem. Quasi aliquid iure consequatur impedit sequi eius quibusdam. Voluptatem consequatur alias at iusto vel aut.', 1, '2021-06-30 08:18:38', '2021-06-30 08:18:38'),
(237, 30, 'Mr. Hester Leannon', 'Ut iure velit iste labore occaecati. Rerum dolor debitis est maxime reprehenderit. Optio est temporibus soluta exercitationem rerum quod.', 4, '2021-06-30 08:18:38', '2021-06-30 08:18:38'),
(238, 4, 'Kade Bednar DVM', 'Sit dignissimos doloremque libero dicta ex aperiam. Rerum eius fuga quia est voluptatem.', 5, '2021-06-30 08:18:38', '2021-06-30 08:18:38'),
(239, 2, 'Alyson Donnelly', 'Minima blanditiis sit quo odit error dolorum. Ut maiores reiciendis at veniam deleniti sit. Provident sed itaque veritatis maiores rerum enim.', 4, '2021-06-30 08:18:38', '2021-06-30 08:18:38'),
(240, 2, 'Dr. Kristofer Bahringer', 'Libero voluptatem maiores quod porro ea ullam. Vitae odio sapiente et. Quis cumque magnam similique et dolorum praesentium. Debitis laudantium impedit et quod impedit optio et.', 5, '2021-06-30 08:18:38', '2021-06-30 08:18:38'),
(241, 27, 'Jody Stokes', 'Quis ipsum sit commodi nihil dolorem voluptates. Et ipsa qui enim molestiae repudiandae molestiae voluptas. Tempora non ut velit sequi facere maiores qui. Ipsa quaerat nobis dolore necessitatibus possimus dolore veritatis quia.', 1, '2021-06-30 08:18:38', '2021-06-30 08:18:38'),
(242, 50, 'Marianna Kihn', 'Provident suscipit sint natus praesentium. Eligendi consequuntur dicta excepturi labore. Dolore autem aut ut. Cupiditate repellendus vel sint et voluptate officiis.', 5, '2021-06-30 08:18:38', '2021-06-30 08:18:38'),
(243, 44, 'Julianne Lynch', 'Autem doloribus id sapiente dolorem. Pariatur aut beatae voluptatum et praesentium expedita commodi. Ea doloremque omnis totam facere autem facere ex beatae.', 0, '2021-06-30 08:18:38', '2021-06-30 08:18:38'),
(244, 17, 'Shad Shields', 'Reiciendis quia sequi nobis ad. Facilis pariatur optio architecto nemo molestiae repellendus voluptas assumenda. Rerum quis aliquid inventore laudantium natus corrupti. Earum omnis ut tenetur voluptatem pariatur.', 0, '2021-06-30 08:18:38', '2021-06-30 08:18:38'),
(245, 41, 'Magnolia Bergnaum', 'Autem saepe inventore fugiat ut. Voluptatibus ut consequuntur autem iusto ut repellat accusamus molestiae. Porro qui harum fugiat cum eaque.', 5, '2021-06-30 08:18:38', '2021-06-30 08:18:38'),
(246, 32, 'Prof. Hallie Schneider', 'Nisi ullam quae quidem et. At nulla voluptatem labore expedita cumque voluptas vero recusandae. Quia eaque voluptatem et tenetur minus voluptate.', 1, '2021-06-30 08:18:38', '2021-06-30 08:18:38'),
(247, 24, 'Jo Ondricka', 'Id quae eum est est eum. Porro vitae fugiat maiores repellat qui. Minus dicta id rerum mollitia et a. Adipisci nostrum officiis odit quo aliquid qui.', 4, '2021-06-30 08:18:38', '2021-06-30 08:18:38'),
(248, 15, 'Jarred Turner', 'Amet quis nostrum molestias et nam non quo. Velit et quo et quam et. Debitis modi tenetur blanditiis similique. Quia qui recusandae ut nisi mollitia.', 2, '2021-06-30 08:18:38', '2021-06-30 08:18:38'),
(249, 48, 'Matteo O\'Kon', 'Et reiciendis in modi minima voluptatem facilis. Aliquid aperiam beatae voluptatem non voluptas quae. Quo pariatur ea qui velit voluptatem explicabo at.', 4, '2021-06-30 08:18:38', '2021-06-30 08:18:38'),
(250, 27, 'Miss Lina Monahan', 'Eos et tempora aliquam rerum dolor vitae corporis exercitationem. Quidem rem velit aspernatur delectus et cumque voluptatem. In voluptatum nobis dolore minima amet. Quasi aut quasi quia qui. Odio et similique blanditiis beatae sit.', 5, '2021-06-30 08:18:38', '2021-06-30 08:18:38'),
(251, 33, 'Kelly Stamm', 'Omnis qui enim omnis quam incidunt ut. Reiciendis occaecati consectetur reprehenderit earum. Voluptatibus sed velit pariatur consequatur sit excepturi sed. Et sed quibusdam rem voluptatum.', 5, '2021-06-30 08:18:38', '2021-06-30 08:18:38'),
(252, 35, 'Curt Hahn', 'Rerum voluptas error voluptatum harum. Voluptatem maxime voluptate libero dicta debitis cupiditate placeat reiciendis. Ut accusamus repudiandae et ratione.', 0, '2021-06-30 08:18:38', '2021-06-30 08:18:38'),
(253, 46, 'Santiago Grant', 'Dolorum corrupti distinctio at magnam. Laborum possimus neque sint dolores nam. Quia adipisci quas minus.', 4, '2021-06-30 08:18:38', '2021-06-30 08:18:38'),
(254, 31, 'Dr. Scarlett Schmitt DVM', 'Odio et et officiis molestias. Corrupti et voluptatem ea tempore tenetur molestiae. Et ducimus fuga quo porro maxime tempora voluptatem. Odio culpa quia in maxime non voluptatem temporibus magnam.', 4, '2021-06-30 08:18:38', '2021-06-30 08:18:38'),
(255, 29, 'Mekhi Douglas', 'Ad quia est iusto vero. Consequatur aliquam qui fugiat. Accusamus eius earum fugit accusantium.', 2, '2021-06-30 08:18:38', '2021-06-30 08:18:38'),
(256, 30, 'Teagan Nikolaus', 'Cumque reiciendis maxime quia eaque tempora ut sequi. Ut recusandae ut deserunt consequuntur voluptas tenetur incidunt.', 3, '2021-06-30 08:18:38', '2021-06-30 08:18:38'),
(257, 27, 'Dr. Alia Rowe Sr.', 'Saepe possimus qui accusamus nulla nisi quia. Libero debitis ducimus repellendus laborum officiis aut eligendi. Temporibus ipsum enim voluptatum sed occaecati repudiandae voluptatum in.', 3, '2021-06-30 08:18:38', '2021-06-30 08:18:38'),
(258, 13, 'Sister Jones', 'Aliquam accusamus ut iste quisquam temporibus minima consequuntur. Est et maiores placeat pariatur officiis illo porro. Et porro eos esse iusto placeat.', 2, '2021-06-30 08:18:38', '2021-06-30 08:18:38'),
(259, 36, 'Peter Steuber', 'Eaque doloribus ut vel est maxime dicta. Impedit sit non dolore omnis incidunt. Voluptate tenetur suscipit saepe fuga.', 4, '2021-06-30 08:18:38', '2021-06-30 08:18:38'),
(260, 2, 'Marcellus Price DVM', 'Dolores cum aliquam reiciendis reprehenderit omnis soluta incidunt commodi. Optio ab qui nihil. Et vero provident placeat quia possimus.', 2, '2021-06-30 08:18:38', '2021-06-30 08:18:38'),
(261, 32, 'Zaria Anderson', 'Quasi et quisquam tenetur aut tenetur et. Suscipit ut eum ut repellendus voluptatum aut iure occaecati. Eaque facere explicabo numquam. Et aliquam unde sed dolores eius sed qui consequatur.', 4, '2021-06-30 08:18:38', '2021-06-30 08:18:38'),
(262, 47, 'Ms. Leann Reynolds', 'Nisi consequuntur laudantium debitis qui eum aut perspiciatis aut. Autem fugit accusamus repellat amet sit. Maiores veritatis sit ea et saepe dicta in iure. Nemo vel vero architecto omnis neque. Aut voluptatem voluptas neque facere sint neque.', 5, '2021-06-30 08:18:38', '2021-06-30 08:18:38'),
(263, 30, 'Amelia Zboncak', 'Aut odit nobis dolorem. Rerum eius et quis ullam. Qui quam quidem illo temporibus quo voluptatem.', 0, '2021-06-30 08:18:38', '2021-06-30 08:18:38'),
(264, 1, 'Forest Shields II', 'Ad officia et libero omnis. Impedit non minus deserunt est quam amet. Temporibus est molestiae molestiae.', 4, '2021-06-30 08:18:38', '2021-06-30 08:18:38'),
(265, 5, 'Dr. Rudolph Emmerich', 'Vel ea ut impedit velit numquam voluptatem. Ducimus autem facere est quod accusantium magnam enim. Consequatur qui molestiae nisi est quas. Nisi quae nisi et quod. Facilis occaecati rerum tenetur enim.', 4, '2021-06-30 08:18:38', '2021-06-30 08:18:38'),
(266, 22, 'Millie Botsford', 'Nostrum exercitationem mollitia eum natus tenetur. Architecto dolorum magni quas aut. Nostrum aliquam sit magni quis possimus distinctio aut velit. Quasi ut quam voluptates iste amet pariatur.', 3, '2021-06-30 08:18:38', '2021-06-30 08:18:38'),
(267, 12, 'Caitlyn Murray', 'Libero et nulla ea hic. Ea et porro eligendi sed similique. Laboriosam at eos quisquam aspernatur sit perspiciatis vero. Culpa earum excepturi nobis officia.', 4, '2021-06-30 08:18:38', '2021-06-30 08:18:38'),
(268, 29, 'Adan Bahringer', 'Pariatur et possimus voluptatem sint. Rerum voluptas illo nesciunt sunt molestias dolorem ex nihil. Dolor quasi sequi quas et tempore recusandae. Ex atque cum qui non et.', 4, '2021-06-30 08:18:38', '2021-06-30 08:18:38'),
(269, 48, 'Bonnie Miller', 'Sed vel dicta non aut. Cum maxime eveniet facere repellat ab. Nemo aliquam veniam a explicabo.', 4, '2021-06-30 08:18:38', '2021-06-30 08:18:38'),
(270, 34, 'Ms. Barbara Morissette DVM', 'Dolores itaque fuga assumenda illo dolores quo. Et eveniet facilis porro quis qui earum. Quos et maiores cupiditate corporis.', 4, '2021-06-30 08:18:38', '2021-06-30 08:18:38'),
(271, 14, 'Murray Koepp', 'Sint est tempora aliquid doloremque neque et enim consequatur. Quas cumque quibusdam voluptatibus. Sit illum adipisci eius numquam similique optio voluptas. Quam atque et architecto placeat.', 1, '2021-06-30 08:18:38', '2021-06-30 08:18:38'),
(272, 26, 'Daphnee Lind', 'Laudantium animi qui in delectus magni error. Laudantium error maxime possimus. Aut minus et sed minus.', 4, '2021-06-30 08:18:38', '2021-06-30 08:18:38'),
(273, 41, 'Zella Hyatt', 'Tenetur officia nostrum dolorum esse qui. Quisquam autem tempore totam in eligendi aliquam. Officia et veniam reiciendis blanditiis.', 0, '2021-06-30 08:18:38', '2021-06-30 08:18:38'),
(274, 2, 'Kennith Reynolds', 'In non accusantium quaerat libero est culpa quia. Neque quam explicabo nesciunt adipisci eius sit est corrupti. Tempora eum distinctio consequatur enim sit. Consectetur id iure repudiandae sit. Debitis cupiditate ut omnis asperiores qui deleniti aut voluptatibus.', 1, '2021-06-30 08:18:38', '2021-06-30 08:18:38'),
(275, 22, 'Litzy Hermann', 'Quas consequatur id est corporis deserunt in. Est voluptas et rerum est et numquam. Voluptas aperiam a quo explicabo esse earum repellat.', 2, '2021-06-30 08:18:38', '2021-06-30 08:18:38'),
(276, 34, 'Dr. Jazmin Muller', 'Consequatur ea officia possimus a officia. Rerum expedita facilis eum dolor quisquam. Qui sapiente qui qui. Architecto suscipit dolorem necessitatibus sit iste labore.', 5, '2021-06-30 08:18:38', '2021-06-30 08:18:38'),
(277, 34, 'Gavin Stamm', 'Ratione facere odio sint quisquam quae voluptas incidunt. Harum et temporibus voluptatem deserunt optio pariatur saepe. Enim saepe iure ut et non adipisci quia. Accusantium inventore magni et voluptatum iste voluptate. Natus quibusdam ab et suscipit velit tenetur.', 5, '2021-06-30 08:18:38', '2021-06-30 08:18:38'),
(278, 11, 'Constantin Herman', 'Voluptatem beatae est maxime quo voluptatem in dolores. Quos corrupti nam ab molestiae aut magni. Cumque velit vel est provident. Porro quia consectetur repellendus expedita repellat deleniti doloribus. Eveniet eum sit blanditiis laborum.', 5, '2021-06-30 08:18:38', '2021-06-30 08:18:38'),
(279, 22, 'Reynold Gislason', 'Aut odio et explicabo et. Et rerum at quibusdam praesentium cum placeat ipsum ullam. Nemo maxime doloribus non repudiandae saepe expedita dolores.', 5, '2021-06-30 08:18:38', '2021-06-30 08:18:38'),
(280, 20, 'Colton Toy', 'Iusto reprehenderit adipisci nisi. Officiis laboriosam et fuga voluptas eos ipsa dolorem. Quidem molestiae labore nisi sint. Ullam veniam ut asperiores est rerum. Ut distinctio deserunt nulla voluptas corporis modi tempore.', 3, '2021-06-30 08:18:38', '2021-06-30 08:18:38'),
(281, 47, 'Sigmund Lang', 'Minus asperiores repellat maxime aspernatur voluptatem. Minus qui et et maiores eum. In quasi nihil similique est.', 5, '2021-06-30 08:18:38', '2021-06-30 08:18:38'),
(282, 32, 'Dr. Cristopher Kuhic Jr.', 'Sunt culpa perferendis repudiandae. Qui hic eligendi quas atque. Architecto asperiores possimus quae quia inventore distinctio dignissimos. Et quia nihil et dolorem exercitationem corrupti.', 1, '2021-06-30 08:18:38', '2021-06-30 08:18:38'),
(283, 43, 'Mr. Lance Morissette', 'Atque sunt vel libero. Omnis labore quod aperiam unde. Consequuntur quos rerum non omnis sit.', 0, '2021-06-30 08:18:38', '2021-06-30 08:18:38'),
(284, 14, 'Mrs. Dovie Gutkowski DDS', 'Quibusdam iure sed quod reiciendis perspiciatis veritatis. Quo quaerat deserunt tempore magni ad.', 3, '2021-06-30 08:18:38', '2021-06-30 08:18:38'),
(285, 42, 'Theresia Ebert', 'Eveniet accusamus quia ipsa ad maiores ut et. Ea quis aut fuga rerum reprehenderit. Consequatur magni pariatur est beatae expedita dolorem hic.', 5, '2021-06-30 08:18:38', '2021-06-30 08:18:38'),
(286, 37, 'Reanna Beier III', 'Error dicta consequatur nobis minus quibusdam in. Minima perspiciatis assumenda ut aut iste. Odit consequatur provident doloremque eligendi quibusdam qui est amet. Voluptatum est magnam eligendi magni dolores numquam.', 0, '2021-06-30 08:18:38', '2021-06-30 08:18:38'),
(287, 12, 'Loraine Pacocha MD', 'Nobis molestias laudantium est sint. Aut quos corrupti suscipit. Sunt itaque neque dolores necessitatibus sit.', 1, '2021-06-30 08:18:38', '2021-06-30 08:18:38'),
(288, 30, 'Dr. Axel Feil V', 'Qui rerum enim in sit sunt blanditiis. Officia aspernatur enim assumenda fugiat accusamus saepe ipsum at. Sunt voluptatibus odio voluptas eaque. Ab deleniti qui unde et quo ab animi.', 5, '2021-06-30 08:18:38', '2021-06-30 08:18:38'),
(289, 12, 'Adriel Howe', 'Et qui dolores quo architecto quia voluptatem repudiandae. Occaecati nulla eveniet aut et commodi perferendis facilis. Perferendis quod consequatur et voluptas velit vero ex.', 0, '2021-06-30 08:18:38', '2021-06-30 08:18:38'),
(290, 15, 'Waylon Kuvalis V', 'Ea praesentium est sint ab sapiente asperiores doloribus. Officia et odit suscipit reprehenderit quae quia maiores. Ab quia iste dolores fugiat quo molestiae voluptatem. Nihil sunt porro corrupti tempora id facilis similique.', 2, '2021-06-30 08:18:38', '2021-06-30 08:18:38'),
(291, 6, 'Theron Bosco', 'Quas cum nesciunt nesciunt ullam neque odit minus. Ut ullam ratione dignissimos aliquid libero omnis. Vel et incidunt exercitationem rerum sed. Molestias et repellat fuga impedit.', 5, '2021-06-30 08:18:38', '2021-06-30 08:18:38'),
(292, 7, 'Matilda Farrell III', 'Maxime sed ut rerum corrupti repellat cupiditate ipsum. Molestiae corporis debitis pariatur eos sapiente. Blanditiis quis officiis laboriosam dolor nobis facilis quibusdam provident. Ullam quia est harum nesciunt perspiciatis commodi ut.', 1, '2021-06-30 08:18:38', '2021-06-30 08:18:38'),
(293, 33, 'Crystal Predovic IV', 'Iste excepturi dolor aspernatur necessitatibus suscipit sint. Facere sint iusto dolorem quas voluptas. Hic sit odio perspiciatis et ratione. Velit qui ullam nobis quo assumenda est.', 5, '2021-06-30 08:18:38', '2021-06-30 08:18:38'),
(294, 38, 'Mateo Kilback', 'Quaerat optio alias aut tenetur nisi. Est itaque iusto autem nihil quam quia. Eum asperiores aspernatur ipsum dolor aliquid.', 3, '2021-06-30 08:18:38', '2021-06-30 08:18:38'),
(295, 21, 'Katlyn Quigley', 'Voluptas eum minus voluptas deserunt natus. Omnis ullam qui quis commodi voluptatem itaque vitae neque. Possimus natus repudiandae ullam quas. Et deleniti explicabo optio.', 3, '2021-06-30 08:18:38', '2021-06-30 08:18:38'),
(296, 43, 'Prof. Melvin Shields V', 'Id ab ab cum exercitationem distinctio eos est. Autem aspernatur dolorum eos est perferendis soluta doloribus. Voluptatibus ad expedita ducimus voluptatum est. Cumque asperiores quis a tempore corrupti vero.', 2, '2021-06-30 08:18:38', '2021-06-30 08:18:38'),
(297, 24, 'Dillon Tremblay', 'Est esse magnam hic officiis maiores aspernatur. Dolorum perspiciatis sequi pariatur totam. Eum voluptates vero officia vero totam. Omnis et et sunt voluptas sapiente qui rerum.', 2, '2021-06-30 08:18:38', '2021-06-30 08:18:38'),
(298, 6, 'Andres Stokes', 'Facilis voluptatum nihil et quis. Et dolorum tenetur accusamus provident. Omnis quo officia natus aspernatur provident ab perspiciatis.', 0, '2021-06-30 08:18:38', '2021-06-30 08:18:38'),
(299, 9, 'Prof. Marshall Collins', 'Esse asperiores magnam nulla eum doloribus. Cumque sed sequi adipisci ipsum. Reprehenderit perferendis aperiam eaque eos consequatur quas mollitia.', 3, '2021-06-30 08:18:38', '2021-06-30 08:18:38'),
(300, 12, 'Aglae Kirlin', 'Soluta et aut minus. Aut quisquam porro aut non. Illo sint quia consectetur laudantium autem voluptas ut. Excepturi explicabo assumenda sit molestiae.', 4, '2021-06-30 08:18:38', '2021-06-30 08:18:38');

-- --------------------------------------------------------

--
-- Table structure for table `users`
--

CREATE TABLE `users` (
  `id` bigint(20) UNSIGNED NOT NULL,
  `name` varchar(255) COLLATE utf8mb4_unicode_ci NOT NULL,
  `email` varchar(255) COLLATE utf8mb4_unicode_ci NOT NULL,
  `email_verified_at` timestamp NULL DEFAULT NULL,
  `password` varchar(255) COLLATE utf8mb4_unicode_ci NOT NULL,
  `remember_token` varchar(100) COLLATE utf8mb4_unicode_ci DEFAULT NULL,
  `created_at` timestamp NULL DEFAULT NULL,
  `updated_at` timestamp NULL DEFAULT NULL
) ENGINE=InnoDB DEFAULT CHARSET=utf8mb4 COLLATE=utf8mb4_unicode_ci;

--
-- Indexes for dumped tables
--

--
-- Indexes for table `migrations`
--
ALTER TABLE `migrations`
  ADD PRIMARY KEY (`id`);

--
-- Indexes for table `password_resets`
--
ALTER TABLE `password_resets`
  ADD KEY `password_resets_email_index` (`email`);

--
-- Indexes for table `products`
--
ALTER TABLE `products`
  ADD PRIMARY KEY (`id`);

--
-- Indexes for table `reviews`
--
ALTER TABLE `reviews`
  ADD PRIMARY KEY (`id`),
  ADD KEY `reviews_product_id_foreign` (`product_id`);

--
-- Indexes for table `users`
--
ALTER TABLE `users`
  ADD PRIMARY KEY (`id`),
  ADD UNIQUE KEY `users_email_unique` (`email`);

--
-- AUTO_INCREMENT for dumped tables
--

--
-- AUTO_INCREMENT for table `migrations`
--
ALTER TABLE `migrations`
  MODIFY `id` int(10) UNSIGNED NOT NULL AUTO_INCREMENT, AUTO_INCREMENT=5;

--
-- AUTO_INCREMENT for table `products`
--
ALTER TABLE `products`
  MODIFY `id` bigint(20) UNSIGNED NOT NULL AUTO_INCREMENT, AUTO_INCREMENT=51;

--
-- AUTO_INCREMENT for table `reviews`
--
ALTER TABLE `reviews`
  MODIFY `id` bigint(20) UNSIGNED NOT NULL AUTO_INCREMENT, AUTO_INCREMENT=301;

--
-- AUTO_INCREMENT for table `users`
--
ALTER TABLE `users`
  MODIFY `id` bigint(20) UNSIGNED NOT NULL AUTO_INCREMENT;

--
-- Constraints for dumped tables
--

--
-- Constraints for table `reviews`
--
ALTER TABLE `reviews`
  ADD CONSTRAINT `reviews_product_id_foreign` FOREIGN KEY (`product_id`) REFERENCES `products` (`id`) ON DELETE CASCADE;
COMMIT;

/*!40101 SET CHARACTER_SET_CLIENT=@OLD_CHARACTER_SET_CLIENT */;
/*!40101 SET CHARACTER_SET_RESULTS=@OLD_CHARACTER_SET_RESULTS */;
/*!40101 SET COLLATION_CONNECTION=@OLD_COLLATION_CONNECTION */;
